id,source_id,season_label,season,season_type,start_date,start_time_tbd,neutral_site,conference_game,game_type,tournament,game_notes,status,home_team_id,home_team,home_conference_id,home_conference,home_seed,away_team_id,away_team,away_conference_id,away_conference,away_seed,venue_id,venue,city,state,home_rating,away_rating,proj_margin,proj_winner
215229,401820793,20252026,2026,regular,2026-03-07T17:00:00.000000,false,false,true,STD,,,scheduled,26,Boston College,2,ACC,,213,Notre Dame,2,ACC,,152,Conte Forum,Chestnut Hill,MA,-3.665817100667084,-1.4930440764446757,-0.8272269757775916,Boston College
372263,401856427,20252026,2026,regular,2026-03-08T16:00:00.000000,false,true,true,TRNMNT,,CAA Championship - Quarterfinal,scheduled,321,UNC Wilmington,12,CAA,,41,Campbell,12,CAA,,476,Entertainment & Sports Arena,Washington,DC,9.352356888443381,-2.0773051800912157,-11.429662068534597,UNC Wilmington
215234,401820788,20252026,2026,regular,2026-03-07T23:30:00.000000,false,false,true,STD,,,scheduled,72,Duke,2,ACC,,200,North Carolina,2,ACC,,6,Cameron Indoor Stadium,Durham,NC,16.884531475424794,6.36533208217088,-13.519199393253913,Duke
215222,401823787,20252026,2026,regular,2026-03-07T03:00:00.000000,false,false,true,STD,,,scheduled,257,San Diego State,20,Mountain West,,322,UNLV,20,Mountain West,,238,Viejas Arena,San Diego,CA,3.2463432388936866,-2.6654090752532227,-8.91175231414691,San Diego State
212093,401808284,20252026,2026,regular,2026-03-07T20:30:00.000000,false,false,true,STD,,,scheduled,174,Mississippi State,24,SEC,,98,Georgia,24,SEC,,109,Humphrey Coliseum,Starkville,MS,-6.284865968479281,3.6588811601975664,6.943747128676847,Georgia
372309,401851392,20252026,2026,regular,2026-03-12T03:30:00.000000,false,true,true,TRNMNT,,Big West Championship - 1st Round,scheduled,307,UC Davis,11,Big West,,311,UC Santa Barbara,11,Big West,,264,Lee's Family Forum,Henderson,NV,-0.24323382783687464,4.522436412823339,4.765670240660214,UC Santa Barbara
372439,401851726,20252026,2026,regular,2026-03-14T23:30:00.000000,false,true,true,TRNMNT,,SWAC Tournament - Final,scheduled,274,Southern,25,SWAC,,232,Prairie View A&M,25,SWAC,,529,Gateway Center,College Park,GA,-4.912011352910042,-5.997719189161131,-1.085707836251089,Southern
372302,401851175,20252026,2026,regular,2026-03-11T23:00:00.000000,false,true,true,TRNMNT,,T. Rowe Price ACC Tournament - 2nd Round,scheduled,90,Florida State,2,ACC,,40,California,2,ACC,,428,Spectrum Center,Charlotte,NC,-0.5544859475594563,1.4964568736905903,2.0509428212500467,California
215237,401823186,20252026,2026,regular,2026-03-08T01:00:00.000000,false,false,true,STD,,,scheduled,38,Cal State Northridge,11,Big West,,37,Cal State Fullerton,11,Big West,,351,Premier America Credit Union Arena,Northridge,CA,-2.7249180632129963,-6.158693221291131,-6.433775158078134,Cal State Northridge
372423,401851503,20252026,2026,regular,2026-03-14T01:30:00.000000,false,true,true,TRNMNT,,Mountain West Championship - Semifinal,scheduled,329,Utah State,20,Mountain West,,189,Nevada,20,Mountain West,,194,Thomas & Mack Center,Las Vegas,NV,9.515491505431768,2.124292404731918,-7.3911991006998505,Utah State
215211,401827726,20252026,2026,regular,2026-03-07T19:00:00.000000,false,false,true,STD,,,scheduled,125,Iowa State,6,Big 12,,10,Arizona State,6,Big 12,,4,Hilton Coliseum,Ames,IA,12.279001536222708,-1.248189553166128,-16.527191089388836,Iowa State
372301,401851559,20252026,2026,regular,2026-03-11T23:00:00.000000,false,true,true,TRNMNT,,SEC Tournament - 1st Round,scheduled,295,Texas,24,SEC,,220,Ole Miss,24,SEC,,481,Bridgestone Arena,Nashville,TN,5.028268229769893,-2.496590021865586,-7.524858251635479,Texas
372268,401851589,20252026,2026,regular,2026-03-08T20:00:00.000000,false,true,true,TRNMNT,,SoCon Championship - Semifinal,scheduled,75,East Tennessee State,26,SoCon,,348,Western Carolina,26,SoCon,,447,Harrah's Cherokee Center,Asheville,NC,6.00782584320757,-2.829831006730629,-8.837656849938199,East Tennessee State
215228,401820794,20252026,2026,regular,2026-03-07T17:00:00.000000,false,false,true,STD,,,scheduled,339,Virginia,2,ACC,,340,Virginia Tech,2,ACC,,227,John Paul Jones Arena,Charlottesville,VA,10.64374700176603,1.3633044393845921,-12.280442562381438,Virginia
372411,401851567,20252026,2026,regular,2026-03-13T23:00:00.000000,false,true,true,TRNMNT,,SEC Tournament - Quarterfinal,scheduled,5,Alabama,24,SEC,,220,Ole Miss,24,SEC,,481,Bridgestone Arena,Nashville,TN,4.111537591288666,-2.496590021865586,-6.608127613154252,Alabama
215236,401820576,20252026,2026,regular,2026-03-08T03:00:00.000000,false,false,true,STD,,,scheduled,189,Nevada,20,Mountain West,,2,Air Force,20,Mountain West,,186,Lawlor Events Center,Reno,NV,2.124292404731918,-14.452898466361688,-19.577190871093606,Nevada
372358,401851408,20252026,2026,regular,2026-03-12T01:00:00.000000,false,true,true,TRNMNT,,CUSA Championship - Quarterfinal,scheduled,255,Sam Houston,13,CUSA,,192,New Mexico State,13,CUSA,,463,Propst Arena,Huntsville,AL,3.926749548295575,2.043493701980651,-1.883255846314924,Sam Houston
372343,401851762,20252026,2026,regular,2026-03-11T01:00:00.000000,false,true,true,TRNMNT,,West Coast Conference Tournament - Final,scheduled,102,Gonzaga,31,WCC,,261,Santa Clara,31,WCC,,434,Orleans Arena,Las Vegas,NV,10.666073549902947,6.243438689364595,-4.422634860538352,Gonzaga
372182,401851582,20252026,2026,regular,2026-03-08T01:30:00.000000,false,true,true,TRNMNT,,SoCon Championship - Quarterfinal,scheduled,164,Mercer,26,SoCon,,348,Western Carolina,26,SoCon,,447,Harrah's Cherokee Center,Asheville,NC,1.7299511241382106,-2.829831006730629,-4.5597821308688395,Mercer
372206,401851200,20252026,2026,regular,2026-03-07T18:00:00.000000,false,false,true,TRNMNT,,America East Playoffs - Quarterfinal,scheduled,318,UMass Lowell,4,Am. East,,306,UAlbany,4,Am. East,,34,Costello Athletic Center,Lowell,MA,-2.899610302992812,-2.248554663993133,-2.3489443610003207,UMass Lowell
212102,401804966,20252026,2026,regular,2026-03-07T21:00:00.000000,false,false,true,STD,,,scheduled,192,New Mexico State,13,CUSA,,133,Kennesaw State,13,CUSA,,167,Pan American Center,Las Cruces,NM,2.043493701980651,1.8248184766827222,-3.218675225297929,New Mexico State
372197,401851332,20252026,2026,regular,2026-03-09T23:30:00.000000,false,true,true,TRNMNT,,Big Sky Championship - 3rd Round,scheduled,179,Montana,8,Big Sky,,207,Northern Colorado,8,Big Sky,,415,Idaho Central Arena,Boise,ID,-0.8236228342958469,2.2465800165799834,3.0702028508758303,Northern Colorado
372249,401851626,20252026,2026,regular,2026-03-08T01:00:00.000000,false,true,true,TRNMNT,,Summit League Championship - Semifinal,scheduled,202,North Dakota State,28,Summit,,221,Omaha,28,Summit,,477,Denny Sanford Premier Center,Sioux Falls,SD,5.382552024020356,-3.1125488566116672,-8.495100880632023,North Dakota State
372303,401851733,20252026,2026,regular,2026-03-12T00:30:00.000000,false,true,true,TRNMNT,,WAC Tournament - 1st Round,scheduled,1,Abilene Christian,30,WAC,,288,Tarleton State,30,WAC,,434,Orleans Arena,Las Vegas,NV,-2.422972367364153,-3.948675326677943,-1.52570295931379,Abilene Christian
372435,401851228,20252026,2026,regular,2026-03-14T21:30:00.000000,false,true,true,TRNMNT,,American Conference Championship - Semifinal,scheduled,352,Wichita State,5,American,,304,Tulsa,5,American,,377,Legacy Arena at BJCC,Birmingham,AL,4.47320011604387,10.164730591581005,5.691530475537135,Tulsa
212096,401808281,20252026,2026,regular,2026-03-07T21:00:00.000000,false,false,true,STD,,,scheduled,135,Kentucky,24,SEC,,87,Florida,24,SEC,,17,Rupp Arena,Lexington,KY,6.436656154126453,10.001813669643,0.565157515516546,Florida
215231,401820791,20252026,2026,regular,2026-03-07T19:15:00.000000,false,false,true,STD,,,scheduled,185,NC State,2,ACC,,281,Stanford,2,ACC,,74,Lenovo Center,Raleigh,NC,1.9799810824879671,0.7548948886567501,-4.225086193831217,NC State
212083,401814598,20252026,2026,regular,2026-03-06T23:30:00.000000,false,false,true,STD,,,scheduled,79,Eastern Michigan,17,MAC,,28,Bowling Green,17,MAC,,265,Gervin GameAbove Center,Ypsilanti,MI,-4.26285409131178,0.9450739403922057,2.207928031703986,Bowling Green
372412,401858191,20252026,2026,regular,2026-03-13T23:30:00.000000,false,true,true,TRNMNT,,MAC Championship - Semifinal,scheduled,3,Akron,17,MAC,,134,Kent State,17,MAC,,470,Rocket Mortgage FieldHouse,Cleveland,OH,7.093783424622487,0.9066498231715343,-6.187133601450952,Akron
215239,401825569,20252026,2026,regular,2026-03-08T21:00:00.000000,false,false,true,STD,,,scheduled,188,Nebraska,10,Big Ten,,124,Iowa,10,Big Ten,,147,Pinnacle Bank Arena,Lincoln,NE,7.824856759264421,11.044375137714326,0.21951837844990507,Iowa
372269,401856429,20252026,2026,regular,2026-03-08T22:00:00.000000,false,true,true,TRNMNT,,CAA Championship - Quarterfinal,scheduled,46,Charleston,12,CAA,,301,Towson,12,CAA,,476,Entertainment & Sports Arena,Washington,DC,1.3240839691600144,0.6484806477736669,-0.6756033213863475,Charleston
372332,401851467,20252026,2026,regular,2026-03-11T01:00:00.000000,false,true,true,TRNMNT,,MAAC Championship - Final,scheduled,166,Merrimack,16,MAAC,,264,Siena,16,MAAC,,478,Jim Whelan Boardwalk Hall,Atlantic City,NJ,5.109659431576716,7.65705576663828,2.5473963350615634,Siena
372362,401851206,20252026,2026,regular,2026-03-14T15:00:00.000000,false,false,true,TRNMNT,,America East Playoffs - Final,scheduled,317,UMBC,4,Am. East,,337,Vermont,4,Am. East,,24,Chesapeake Employers Insurance Arena,Baltimore,MD,4.132269244929034,2.683155666165632,-4.449113578763402,UMBC
372344,401851334,20252026,2026,regular,2026-03-11T01:00:00.000000,false,true,true,TRNMNT,,Big Sky Championship - Semifinal,scheduled,231,Portland State,8,Big Sky,,179,Montana,8,Big Sky,,415,Idaho Central Arena,Boise,ID,2.5168476123988484,-0.8236228342958469,-3.3404704466946953,Portland State
372283,401851283,20252026,2026,regular,2026-03-10T19:00:00.000000,false,true,true,TRNMNT,,Phillips 66 Big 12 Tournament - 1st Round,scheduled,51,Cincinnati,6,Big 12,,331,Utah,6,Big 12,,394,T-Mobile Center,Kansas City,MO,1.5714205285193685,-4.403628718441084,-5.975049246960452,Cincinnati
372400,401851381,20252026,2026,regular,2026-03-13T18:30:00.000000,false,true,true,TRNMNT,,Big Ten Tournament - Quarterfinal,scheduled,118,Illinois,10,Big Ten,,355,Wisconsin,10,Big Ten,,449,United Center,Chicago,IL,13.732985568388969,4.95653110400464,-8.77645446438433,Illinois
372419,401851395,20252026,2026,regular,2026-03-14T01:00:00.000000,false,true,true,TRNMNT,,Big West Championship - Semifinal,scheduled,308,UC Irvine,11,Big West,,38,Cal State Northridge,11,Big West,,264,Lee's Family Forum,Henderson,NV,-0.6867145429116022,-2.7249180632129963,-2.038203520301394,UC Irvine
372256,401851715,20252026,2026,regular,2026-03-10T00:30:00.000000,false,true,true,TRNMNT,,SWAC Tournament - 1st Round,scheduled,103,Grambling,25,SWAC,,175,Mississippi Valley State,25,SWAC,,529,Gateway Center,College Park,GA,-0.614841582611362,-14.805612328665106,-14.190770746053744,Grambling
215241,401825567,20252026,2026,regular,2026-03-08T19:00:00.000000,false,false,true,STD,,,scheduled,160,Maryland,10,Big Ten,,118,Illinois,10,Big Ten,,86,XFINITY Center,College Park,MD,-5.954355563811575,13.732985568388969,16.687341132200544,Illinois
372380,401851223,20252026,2026,regular,2026-03-12T23:00:00.000000,false,true,true,TRNMNT,,American Conference Championship - 2nd Round,scheduled,48,Charlotte,5,American,,303,Tulane,5,American,,377,Legacy Arena at BJCC,Birmingham,AL,1.5968675503426653,-1.7185469235543138,-3.315414473896979,Charlotte
359041,401828467,20252026,2026,regular,2026-03-07T19:00:00.000000,false,false,true,STD,,,scheduled,151,Loyola Chicago,1,A-10,,96,George Washington,1,A-10,,160,Gentile Arena,Chicago,IL,-5.689733196731112,6.082582037006901,8.772315233738013,George Washington
372398,401851722,20252026,2026,regular,2026-03-13T18:00:00.000000,false,true,true,TRNMNT,,SWAC Tournament - Semifinal,scheduled,4,Alabama A&M,25,SWAC,,232,Prairie View A&M,25,SWAC,,529,Gateway Center,College Park,GA,-2.252622211103187,-5.997719189161131,-3.745096978057944,Alabama A&M
372363,401851177,20252026,2026,regular,2026-03-12T16:00:00.000000,false,true,true,TRNMNT,,T. Rowe Price ACC Tournament - Quarterfinal,scheduled,339,Virginia,2,ACC,,185,NC State,2,ACC,,428,Spectrum Center,Charlotte,NC,10.64374700176603,1.9799810824879671,-8.663765919278063,Virginia
372428,401851569,20252026,2026,regular,2026-03-14T17:00:00.000000,false,true,true,TRNMNT,,SEC Tournament - Semifinal,scheduled,87,Florida,24,SEC,,336,Vanderbilt,24,SEC,,481,Bridgestone Arena,Nashville,TN,10.001813669643,5.987340168227391,-4.014473501415608,Florida
372384,401851378,20252026,2026,regular,2026-03-13T01:00:00.000000,false,true,true,TRNMNT,,Big Ten Tournament - 3rd Round,scheduled,313,UCLA,10,Big Ten,,245,Rutgers,10,Big Ten,,449,United Center,Chicago,IL,4.964856495252292,-5.076276996453984,-10.041133491706276,UCLA
372290,401851172,20252026,2026,regular,2026-03-10T23:00:00.000000,false,true,true,TRNMNT,,T. Rowe Price ACC Tournament - 1st Round,scheduled,340,Virginia Tech,2,ACC,,342,Wake Forest,2,ACC,,428,Spectrum Center,Charlotte,NC,1.3633044393845921,1.2038312930193058,-0.1594731463652863,Virginia Tech
372382,401851501,20252026,2026,regular,2026-03-13T01:00:00.000000,false,true,true,TRNMNT,,Mountain West Championship - Quarterfinal,scheduled,257,San Diego State,20,Mountain West,,57,Colorado State,20,Mountain West,,194,Thomas & Mack Center,Las Vegas,NV,3.2463432388936866,8.786108485096477,5.539765246202791,Colorado State
372231,401851701,20252026,2026,regular,2026-03-07T01:30:00.000000,false,true,true,TRNMNT,,Sun Belt Championship - 4th Round,scheduled,265,South Alabama,29,Sun Belt,,99,Georgia Southern,29,Sun Belt,,475,Pensacola Bay Center,Pensacola,FL,1.06440247133321,-3.1900488932381137,-4.254451364571324,South Alabama
372262,401851720,20252026,2026,regular,2026-03-13T00:30:00.000000,false,true,true,TRNMNT,,SWAC Tournament - Quarterfinal,scheduled,274,Southern,25,SWAC,,14,Arkansas-Pine Bluff,25,SWAC,,529,Gateway Center,College Park,GA,-4.912011352910042,-3.853505061394756,1.058506291515286,Arkansas-Pine Bluff
372219,401851246,20252026,2026,regular,2026-03-06T19:30:00.000000,false,true,true,TRNMNT,,ASUN Championship - Quarterfinal,scheduled,143,Lipscomb,3,ASUN,,88,Florida Gulf Coast,3,ASUN,,15,VyStar Veterans Memorial Arena,Jacksonville,FL,0.8628964740399283,-2.900454812494516,-3.7633512865344443,Lipscomb
372352,401851291,20252026,2026,regular,2026-03-11T19:00:00.000000,false,true,true,TRNMNT,,Phillips 66 Big 12 Tournament - 2nd Round,scheduled,312,UCF,6,Big 12,,51,Cincinnati,6,Big 12,,394,T-Mobile Center,Kansas City,MO,0.28742426517008823,1.5714205285193685,1.2839962633492803,Cincinnati
372264,401851494,20252026,2026,regular,2026-03-08T16:00:00.000000,false,true,true,TRNMNT,,MVC Tournament - Final,scheduled,315,UIC,19,MVC,,209,Northern Iowa,19,MVC,,436,Enterprise Center,St. Louis,MO,4.090820366713032,5.306157954538733,1.215337587825701,Northern Iowa
372333,401851367,20252026,2026,regular,2026-03-11T18:30:00.000000,false,true,true,TRNMNT,,Big Ten Tournament - 2nd Round,scheduled,343,Washington,10,Big Ten,,323,USC,10,Big Ten,,449,United Center,Chicago,IL,2.229938919595483,-0.7482365896797205,-2.9781755092752036,Washington
212078,401814603,20252026,2026,regular,2026-03-07T00:00:00.000000,false,false,true,STD,,,scheduled,134,Kent State,17,MAC,,351,Western Michigan,17,MAC,,277,M.A.C. Center,Kent,OH,0.9066498231715343,-5.8481279016843075,-9.754777724855842,Kent State
372408,401851382,20252026,2026,regular,2026-03-13T22:30:00.000000,false,true,true,TRNMNT,,Big Ten Tournament - Quarterfinal,scheduled,188,Nebraska,10,Big Ten,,236,Purdue,10,Big Ten,,449,United Center,Chicago,IL,7.824856759264421,10.638185241414092,2.8133284821496716,Purdue
212099,401805214,20252026,2026,regular,2026-03-08T00:00:00.000000,false,false,true,STD,,,scheduled,1,Abilene Christian,30,WAC,,324,UT Arlington,30,WAC,,159,Moody Coliseum (Abilene),Abilene,TX,-2.422972367364153,2.277100190154428,1.700072557518581,UT Arlington
372443,401851398,20252026,2026,regular,2026-03-15T02:00:00.000000,false,true,true,TRNMNT,,Big West Championship - Final,scheduled,308,UC Irvine,11,Big West,,108,Hawai'i,11,Big West,,264,Lee's Family Forum,Henderson,NV,-0.6867145429116022,4.818673445510285,5.505387988421887,Hawai'i
372386,401851180,20252026,2026,regular,2026-03-13T01:30:00.000000,false,true,true,TRNMNT,,T. Rowe Price ACC Tournament - Quarterfinal,scheduled,200,North Carolina,2,ACC,,52,Clemson,2,ACC,,428,Spectrum Center,Charlotte,NC,6.36533208217088,6.809496826911882,0.444164744741002,Clemson
372397,401851225,20252026,2026,regular,2026-03-13T17:00:00.000000,false,true,true,TRNMNT,,American Conference Championship - Quarterfinal,scheduled,305,UAB,5,American,,48,Charlotte,5,American,,377,Legacy Arena at BJCC,Birmingham,AL,1.7662905045833952,1.5968675503426653,-0.16942295424072995,UAB
372372,401851562,20252026,2026,regular,2026-03-12T19:00:00.000000,false,true,true,TRNMNT,,SEC Tournament - 2nd Round,scheduled,292,Tennessee,24,SEC,,16,Auburn,24,SEC,,481,Bridgestone Arena,Nashville,TN,11.427033830401555,3.497365261639601,-7.929668568761954,Tennessee
372340,401851611,20252026,2026,regular,2026-03-10T23:00:00.000000,false,true,true,TRNMNT,,Southland Tournament - Semifinal,scheduled,282,Stephen F. Austin,27,Southland,,294,Texas A&M-Corpus Christi,27,Southland,,260,Legacy Center,Lake Charles,LA,8.509476313901573,0.49435810766080124,-8.015118206240771,Stephen F. Austin
215207,401822972,20252026,2026,regular,2026-03-07T02:00:00.000000,false,false,true,STD,,,scheduled,263,Seton Hall,7,Big East,,279,St. John's,7,Big East,,107,Prudential Center,Newark,NJ,4.220042017730634,6.323973753384436,-0.8960682643461979,Seton Hall
372385,401851302,20252026,2026,regular,2026-03-13T01:30:00.000000,false,true,true,TRNMNT,,Phillips 66 Big 12 Tournament - Quarterfinal,scheduled,131,Kansas,6,Big 12,,287,TCU,6,Big 12,,394,T-Mobile Center,Kansas City,MO,4.495642248816367,3.0449188144346664,-1.4507234343817004,Kansas
372438,401851317,20252026,2026,regular,2026-03-14T22:30:00.000000,false,false,true,TRNMNT,,Big East Tournament - Final,scheduled,279,St. John's,7,Big East,,314,UConn,7,Big East,,371,Madison Square Garden,New York,NY,6.323973753384436,11.391042445873566,2.06706869248913,UConn
212098,401805215,20252026,2026,regular,2026-03-08T02:00:00.000000,false,false,true,STD,,,scheduled,330,Utah Tech,30,WAC,,332,Utah Valley,30,WAC,,314,Burns Arena,St. George,UT,-1.0668895181804743,6.569384218442067,4.636273736622542,Utah Valley
372195,401851602,20252026,2026,regular,2026-03-08T22:00:00.000000,false,true,true,TRNMNT,,Southland Tournament - 1st Round,scheduled,193,New Orleans,27,Southland,,112,Houston Christian,27,Southland,,260,Legacy Center,Lake Charles,LA,1.0409234808935253,-1.8696737197897164,-2.9105972006832417,New Orleans
372242,401851583,20252026,2026,regular,2026-03-07T19:30:00.000000,false,true,true,TRNMNT,,SoCon Championship - Quarterfinal,scheduled,356,Wofford,26,SoCon,,320,UNC Greensboro,26,SoCon,,447,Harrah's Cherokee Center,Asheville,NC,-0.3684557781791966,-4.92883316616998,-4.560377387990783,Wofford
372370,401851178,20252026,2026,regular,2026-03-12T18:30:00.000000,false,true,true,TRNMNT,,T. Rowe Price ACC Tournament - Quarterfinal,scheduled,168,Miami,2,ACC,,150,Louisville,2,ACC,,428,Spectrum Center,Charlotte,NC,7.509606523460036,8.866455310377319,1.3568487869172827,Louisville
212080,401814601,20252026,2026,regular,2026-03-07T02:00:00.000000,false,false,true,STD,,,scheduled,215,Ohio,17,MAC,,167,Miami (OH),17,MAC,,309,Convocation Center (OH),Athens,OH,-4.519583554075439,5.695632346677456,7.215215900752895,Miami (OH)
372252,401851534,20252026,2026,regular,2026-03-08T02:00:00.000000,false,true,true,TRNMNT,,OVC Championship - Final,scheduled,290,Tennessee State,22,OVC,,181,Morehead State,22,OVC,,296,Ford Center,Evansville,IN,1.1530100281308933,1.7598787263873419,0.6068686982564486,Morehead State
372414,401851316,20252026,2026,regular,2026-03-14T00:00:00.000000,false,true,true,TRNMNT,,Big East Tournament - Semifinal,scheduled,314,UConn,7,Big East,,97,Georgetown,7,Big East,,371,Madison Square Garden,New York,NY,11.391042445873566,1.7164210327464957,-9.67462141312707,UConn
372194,401851326,20252026,2026,regular,2026-03-08T03:00:00.000000,false,true,true,TRNMNT,,Big Sky Championship - 1st Round,scheduled,117,Idaho,8,Big Sky,,249,Sacramento State,8,Big Sky,,415,Idaho Central Arena,Boise,ID,1.6758806969613147,-5.552412578032985,-7.2282932749943,Idaho
372312,401851312,20252026,2026,regular,2026-03-12T18:30:00.000000,false,true,true,TRNMNT,,Big East Tournament - Quarterfinal,scheduled,263,Seton Hall,7,Big East,,61,Creighton,7,Big East,,371,Madison Square Garden,New York,NY,4.220042017730634,-0.022373614233885064,-4.242415631964519,Seton Hall
372298,401851308,20252026,2026,regular,2026-03-11T20:00:00.000000,false,true,true,TRNMNT,,Big East Tournament - 1st Round,scheduled,34,Butler,7,Big East,,235,Providence,7,Big East,,371,Madison Square Garden,New York,NY,0.5826071530988912,-1.9021493701896048,-2.484756523288496,Butler
372356,401851293,20252026,2026,regular,2026-03-11T23:00:00.000000,false,true,true,TRNMNT,,Phillips 66 Big 12 Tournament - 2nd Round,scheduled,347,West Virginia,6,Big 12,,18,BYU,6,Big 12,,394,T-Mobile Center,Kansas City,MO,5.502294297250188,2.1324365391071183,-3.3698577581430698,West Virginia
372261,401851474,20252026,2026,regular,2026-03-13T00:00:00.000000,false,true,true,TRNMNT,,MEAC Tournament - Quarterfinal,scheduled,199,North Carolina Central,18,MEAC,,159,Maryland Eastern Shore,18,MEAC,,479,Norfolk Scope Arena,Norfolk,VA,-6.577330961704547,-1.3775269937797816,5.199803967924765,Maryland Eastern Shore
215210,401827727,20252026,2026,regular,2026-03-07T19:00:00.000000,false,false,true,STD,,,scheduled,131,Kansas,6,Big 12,,132,Kansas State,6,Big 12,,1,Allen Fieldhouse,Lawrence,KS,4.495642248816367,-3.894548669781514,-11.390190918597881,Kansas
372424,401851738,20252026,2026,regular,2026-03-14T03:30:00.000000,false,true,true,TRNMNT,,WAC Tournament - Semifinal,scheduled,39,California Baptist,30,WAC,,330,Utah Tech,30,WAC,,434,Orleans Arena,Las Vegas,NV,4.875416665041556,-1.0668895181804743,-5.94230618322203,California Baptist
372243,401851352,20252026,2026,regular,2026-03-07T19:30:00.000000,false,true,true,TRNMNT,,Big South Championship - Semifinal,scheduled,354,Winthrop,9,Big South,,233,Presbyterian,9,Big South,,72,Freedom Hall (TN),Johnson City,TN,3.6421141159834605,-0.675856540286432,-4.3179706562698925,Winthrop
372207,401851198,20252026,2026,regular,2026-03-07T18:00:00.000000,false,false,true,TRNMNT,,America East Playoffs - Quarterfinal,scheduled,317,UMBC,4,Am. East,,190,New Hampshire,4,Am. East,,24,Chesapeake Employers Insurance Arena,Baltimore,MD,4.132269244929034,-9.417157387894008,-16.549426632823042,UMBC
372338,401851716,20252026,2026,regular,2026-03-10T18:00:00.000000,false,true,true,TRNMNT,,SWAC Tournament - 2nd Round,scheduled,232,Prairie View A&M,25,SWAC,,7,Alcorn State,25,SWAC,,529,Gateway Center,College Park,GA,-5.997719189161131,-10.820952423906306,-4.8232332347451745,Prairie View A&M
215232,401820790,20252026,2026,regular,2026-03-07T19:00:00.000000,false,false,true,STD,,,scheduled,168,Miami,2,ACC,,150,Louisville,2,ACC,,80,Watsco Center,Coral Gables,FL,7.509606523460036,8.866455310377319,-1.6431512130827173,Miami
372223,401851519,20252026,2026,regular,2026-03-07T19:00:00.000000,false,false,true,TRNMNT,,Northeast Conference Tournament - Semifinal,scheduled,146,Long Island University,21,NEC,,341,Wagner,21,NEC,,293,Steinberg Wellness Center,Brooklyn,NY,2.259945635770862,-0.09496613267158693,-5.354911768442449,Long Island University
372328,401851759,20252026,2026,regular,2026-03-10T01:00:00.000000,false,true,true,TRNMNT,,West Coast Conference Tournament - Semifinal,scheduled,102,Gonzaga,31,WCC,,224,Oregon State,31,WCC,,434,Orleans Arena,Las Vegas,NV,10.666073549902947,0.49031747425529204,-10.175756075647655,Gonzaga
372377,401851300,20252026,2026,regular,2026-03-12T23:00:00.000000,false,true,true,TRNMNT,,Phillips 66 Big 12 Tournament - Quarterfinal,scheduled,113,Houston,6,Big 12,,18,BYU,6,Big 12,,394,T-Mobile Center,Kansas City,MO,11.95173128612457,2.1324365391071183,-9.819294747017452,Houston
372188,401851464,20252026,2026,regular,2026-03-08T01:30:00.000000,false,true,true,TRNMNT,,MAAC Championship - Quarterfinal,scheduled,264,Siena,16,MAAC,,183,Mount St. Mary's,16,MAAC,,478,Jim Whelan Boardwalk Hall,Atlantic City,NJ,7.65705576663828,1.1474706907755206,-6.509585075862759,Siena
215225,401822974,20252026,2026,regular,2026-03-07T17:00:00.000000,false,false,true,STD,,,scheduled,338,Villanova,7,Big East,,359,Xavier,7,Big East,,140,Finneran Pavilion,Villanova,PA,5.897200198224894,-4.270502728615966,-13.16770292684086,Villanova
372336,401851370,20252026,2026,regular,2026-03-12T01:00:00.000000,false,true,true,TRNMNT,,Big Ten Tournament - 2nd Round,scheduled,173,Minnesota,10,Big Ten,,245,Rutgers,10,Big Ten,,449,United Center,Chicago,IL,4.512017927869493,-5.076276996453984,-9.588294924323478,Minnesota
372196,401851604,20252026,2026,regular,2026-03-09T00:30:00.000000,false,true,true,TRNMNT,,Southland Tournament - 1st Round,scheduled,195,Nicholls,27,Southland,,211,Northwestern State,27,Southland,,260,Legacy Center,Lake Charles,LA,-3.6737450869424606,-2.102191976564015,1.5715531103784457,Northwestern State
372225,401851433,20252026,2026,regular,2026-03-10T01:30:00.000000,false,true,true,TRNMNT,,Barbasol Horizon League Championship - Semifinal,scheduled,244,Robert Morris,14,Horizon,,69,Detroit Mercy,14,Horizon,,19,Corteva Coliseum,Indianapolis,IN,5.916912861682675,-2.6862248637213924,-8.603137725404068,Robert Morris
372235,401851532,20252026,2026,regular,2026-03-07T03:30:00.000000,false,true,true,TRNMNT,,OVC Championship - Semifinal,scheduled,181,Morehead State,22,OVC,,272,Southeast Missouri State,22,OVC,,296,Ford Center,Evansville,IN,1.7598787263873419,1.2175124492413545,-0.5423662771459874,Morehead State
212094,401808283,20252026,2026,regular,2026-03-07T18:00:00.000000,false,false,true,STD,,,scheduled,220,Ole Miss,24,SEC,,266,South Carolina,24,SEC,,18,The Sandy and John Black Pavilion at Ole Miss,Oxford,MS,-2.496590021865586,-0.5638172395122609,-1.0672272176466748,Ole Miss
212082,401814599,20252026,2026,regular,2026-03-07T00:00:00.000000,false,false,true,STD,,,scheduled,300,Toledo,17,MAC,,33,Buffalo,17,MAC,,345,Savage Arena,Toledo,OH,-0.24027795077429914,1.4927141542531643,-1.2670078949725365,Toledo
372433,401851386,20252026,2026,regular,2026-03-14T19:30:00.000000,false,true,true,TRNMNT,,Big Ten Tournament - Semifinal,scheduled,313,UCLA,10,Big Ten,,236,Purdue,10,Big Ten,,449,United Center,Chicago,IL,4.964856495252292,10.638185241414092,5.6733287461618005,Purdue
372321,401856431,20252026,2026,regular,2026-03-09T22:00:00.000000,false,true,true,TRNMNT,,CAA Championship - Semifinal,scheduled,178,Monmouth,12,CAA,,41,Campbell,12,CAA,,476,Entertainment & Sports Arena,Washington,DC,0.19742408932424382,-2.0773051800912157,-2.2747292694154595,Monmouth
215220,401823834,20252026,2026,regular,2026-03-07T21:00:00.000000,false,false,true,STD,,,scheduled,57,Colorado State,20,Mountain West,,25,Boise State,20,Mountain West,,178,Moby Arena,Fort Collins,CO,8.786108485096477,3.9982992942604056,-7.787809190836072,Colorado State
372345,401851612,20252026,2026,regular,2026-03-11T01:30:00.000000,false,true,true,TRNMNT,,Southland Tournament - Semifinal,scheduled,162,McNeese,27,Southland,,326,UT Rio Grande Valley,27,Southland,,260,Legacy Center,Lake Charles,LA,7.7200585373369535,5.023239667721299,-2.6968188696156545,McNeese
372236,401851750,20252026,2026,regular,2026-03-07T04:30:00.000000,false,true,true,TRNMNT,,West Coast Conference Tournament - 2nd Round,scheduled,262,Seattle U,31,WCC,,258,San Diego,31,WCC,,434,Orleans Arena,Las Vegas,NV,-0.2017172221234631,-4.653441916368166,-4.451724694244703,Seattle U
372176,401851349,20252026,2026,regular,2026-03-06T23:00:00.000000,false,true,true,TRNMNT,,Big South Championship - Quarterfinal,scheduled,319,UNC Asheville,9,Big South,,147,Longwood,9,Big South,,72,Freedom Hall (TN),Johnson City,TN,-2.434757349336593,-1.1323123731788627,1.3024449761577301,Longwood
372198,401851333,20252026,2026,regular,2026-03-10T02:00:00.000000,false,true,true,TRNMNT,,Big Sky Championship - 3rd Round,scheduled,80,Eastern Washington,8,Big Sky,,345,Weber State,8,Big Sky,,415,Idaho Central Arena,Boise,ID,-0.05010741580404954,-0.9634238503534078,-0.9133164345493583,Eastern Washington
372233,401851749,20252026,2026,regular,2026-03-07T02:00:00.000000,false,true,true,TRNMNT,,West Coast Conference Tournament - 2nd Round,scheduled,344,Washington State,31,WCC,,230,Portland,31,WCC,,434,Orleans Arena,Las Vegas,NV,-1.3043874104098734,-5.080381174862268,-3.7759937644523944,Washington State
372254,401851754,20252026,2026,regular,2026-03-08T04:30:00.000000,false,true,true,TRNMNT,,West Coast Conference Tournament - 3rd Round,scheduled,225,Pacific,31,WCC,,262,Seattle U,31,WCC,,434,Orleans Arena,Las Vegas,NV,3.045209108349269,-0.2017172221234631,-3.246926330472732,Pacific
212092,401808285,20252026,2026,regular,2026-03-07T17:00:00.000000,false,false,true,STD,,,scheduled,177,Missouri,24,SEC,,12,Arkansas,24,SEC,,286,Mizzou Arena,Columbia,MO,3.5345253187886954,3.8887031239155903,-2.645822194873105,Missouri
372387,401851564,20252026,2026,regular,2026-03-13T01:30:00.000000,false,true,true,TRNMNT,,SEC Tournament - 2nd Round,scheduled,293,Texas A&M,24,SEC,,217,Oklahoma,24,SEC,,481,Bridgestone Arena,Nashville,TN,3.1110160233339883,3.0263751147173963,-0.08464090861659201,Texas A&M
372378,401851313,20252026,2026,regular,2026-03-12T23:00:00.000000,false,true,true,TRNMNT,,Big East Tournament - Quarterfinal,scheduled,314,UConn,7,Big East,,359,Xavier,7,Big East,,371,Madison Square Garden,New York,NY,11.391042445873566,-4.270502728615966,-15.661545174489532,UConn
372230,401851530,20252026,2026,regular,2026-03-07T01:00:00.000000,false,true,true,TRNMNT,,OVC Championship - Semifinal,scheduled,290,Tennessee State,22,OVC,,325,UT Martin,22,OVC,,296,Ford Center,Evansville,IN,1.1530100281308933,5.364944839643414,4.211934811512521,UT Martin
372250,401851753,20252026,2026,regular,2026-03-08T02:00:00.000000,false,true,true,TRNMNT,,West Coast Conference Tournament - 3rd Round,scheduled,259,San Francisco,31,WCC,,230,Portland,31,WCC,,434,Orleans Arena,Las Vegas,NV,1.5166142319949074,-5.080381174862268,-6.596995406857175,San Francisco
372297,401851495,20252026,2026,regular,2026-03-11T19:00:00.000000,false,true,true,TRNMNT,,Mountain West Championship - 1st Round,scheduled,322,UNLV,20,Mountain West,,358,Wyoming,20,Mountain West,,194,Thomas & Mack Center,Las Vegas,NV,-2.6654090752532227,2.9030419105853014,5.568450985838524,Wyoming
372305,401851391,20252026,2026,regular,2026-03-12T01:00:00.000000,false,true,true,TRNMNT,,Big West Championship - 1st Round,scheduled,310,UC San Diego,11,Big West,,35,Cal Poly,11,Big West,,264,Lee's Family Forum,Henderson,NV,1.299984871098843,-7.047809266643455,-8.347794137742298,UC San Diego
372271,401851465,20252026,2026,regular,2026-03-08T22:00:00.000000,false,true,true,TRNMNT,,MAAC Championship - Semifinal,scheduled,166,Merrimack,16,MAAC,,156,Marist,16,MAAC,,478,Jim Whelan Boardwalk Hall,Atlantic City,NJ,5.109659431576716,4.894234326846515,-0.21542510473020116,Merrimack
372327,401851608,20252026,2026,regular,2026-03-10T00:30:00.000000,false,true,true,TRNMNT,,Southland Tournament - Quarterfinal,scheduled,326,UT Rio Grande Valley,27,Southland,,195,Nicholls,27,Southland,,260,Legacy Center,Lake Charles,LA,5.023239667721299,-3.6737450869424606,-8.69698475466376,UT Rio Grande Valley
372275,401851756,20252026,2026,regular,2026-03-09T00:30:00.000000,false,true,true,TRNMNT,,West Coast Conference Tournament - Quarterfinal,scheduled,224,Oregon State,31,WCC,,259,San Francisco,31,WCC,,434,Orleans Arena,Las Vegas,NV,0.49031747425529204,1.5166142319949074,1.0262967577396154,San Francisco
372437,401851505,20252026,2026,regular,2026-03-14T22:00:00.000000,false,true,true,TRNMNT,,Mountain West Championship - Final,scheduled,329,Utah State,20,Mountain West,,257,San Diego State,20,Mountain West,,194,Thomas & Mack Center,Las Vegas,NV,9.515491505431768,3.2463432388936866,-6.269148266538082,Utah State
359048,401828264,20252026,2026,regular,2026-03-08T18:00:00.000000,false,false,true,STD,,,scheduled,303,Tulane,5,American,,163,Memphis,5,American,,102,Devlin Fieldhouse,New Orleans,LA,-1.7185469235543138,0.13543830720846017,-1.146014769237226,Tulane
372209,401851201,20252026,2026,regular,2026-03-07T21:00:00.000000,false,false,true,TRNMNT,,America East Playoffs - Quarterfinal,scheduled,186,NJIT,4,Am. East,,154,Maine,4,Am. East,,62,Joel & Diane Bloom Wellness and Events Center,Newark,NJ,-6.3791881420613095,-4.611362618620518,-1.2321744765592086,NJIT
372276,401851705,20252026,2026,regular,2026-03-09T00:30:00.000000,false,true,true,TRNMNT,,Sun Belt Championship - Semifinal,scheduled,158,Marshall,29,Sun Belt,,99,Georgia Southern,29,Sun Belt,,475,Pensacola Bay Center,Pensacola,FL,0.606079122142134,-3.1900488932381137,-3.7961280153802477,Marshall
212106,401818337,20252026,2026,regular,2026-03-07T19:00:00.000000,false,false,true,STD,,,scheduled,360,Yale,15,Ivy,,234,Princeton,15,Ivy,,126,John J. Lee Amphitheater,New Haven,CT,7.687121136900572,0.09781672656453111,-10.589304410336041,Yale
372403,401851226,20252026,2026,regular,2026-03-13T19:30:00.000000,false,true,true,TRNMNT,,American Conference Championship - Quarterfinal,scheduled,304,Tulsa,5,American,,204,North Texas,5,American,,377,Legacy Arena at BJCC,Birmingham,AL,10.164730591581005,1.9723182252634217,-8.192412366317583,Tulsa
372436,401851306,20252026,2026,regular,2026-03-14T22:00:00.000000,false,true,true,TRNMNT,,Phillips 66 Big 12 Tournament - Final,scheduled,11,Arizona,6,Big 12,,113,Houston,6,Big 12,,394,T-Mobile Center,Kansas City,MO,11.658444783442803,11.95173128612457,0.2932865026817666,Houston
372325,401851432,20252026,2026,regular,2026-03-09T23:00:00.000000,false,true,true,TRNMNT,,Barbasol Horizon League Championship - Semifinal,scheduled,357,Wright State,14,Horizon,,210,Northern Kentucky,14,Horizon,,19,Corteva Coliseum,Indianapolis,IN,2.541034046751804,0.48092457192063875,-2.0601094748311652,Wright State
372282,401851170,20252026,2026,regular,2026-03-10T18:00:00.000000,false,true,true,TRNMNT,,T. Rowe Price ACC Tournament - 1st Round,scheduled,281,Stanford,2,ACC,,229,Pittsburgh,2,ACC,,428,Spectrum Center,Charlotte,NC,0.7548948886567501,-0.6450466236773593,-1.3999415123341095,Stanford
372427,401851384,20252026,2026,regular,2026-03-14T17:00:00.000000,false,true,true,TRNMNT,,Big Ten Tournament - Semifinal,scheduled,170,Michigan,10,Big Ten,,355,Wisconsin,10,Big Ten,,449,United Center,Chicago,IL,12.996928746763203,4.95653110400464,-8.040397642758563,Michigan
359039,401828468,20252026,2026,regular,2026-03-07T18:00:00.000000,false,false,true,STD,,,scheduled,251,Saint Joseph's,1,A-10,,137,La Salle,1,A-10,,93,Michael J. Hagan '85 Arena,Philadelphia,PA,1.4577010808756228,-3.5692760956731178,-8.02697717654874,Saint Joseph's
372326,401856432,20252026,2026,regular,2026-03-10T00:30:00.000000,false,true,true,TRNMNT,,CAA Championship - Semifinal,scheduled,110,Hofstra,12,CAA,,301,Towson,12,CAA,,476,Entertainment & Sports Arena,Washington,DC,6.996397560172298,0.6484806477736669,-6.347916912398631,Hofstra
372359,401851294,20252026,2026,regular,2026-03-12T01:30:00.000000,false,true,true,TRNMNT,,Phillips 66 Big 12 Tournament - 2nd Round,scheduled,287,TCU,6,Big 12,,218,Oklahoma State,6,Big 12,,394,T-Mobile Center,Kansas City,MO,3.0449188144346664,-3.815242294254844,-6.8601611086895105,TCU
212087,401809122,20252026,2026,regular,2026-03-08T01:00:00.000000,false,false,true,STD,,,scheduled,308,UC Irvine,11,Big West,,307,UC Davis,11,Big West,,192,Bren Events Center,Irvine,CA,-0.6867145429116022,-0.24323382783687464,-2.5565192849252725,UC Irvine
372395,401851413,20252026,2026,regular,2026-03-13T16:30:00.000000,false,true,true,TRNMNT,,CUSA Championship - Semifinal,scheduled,149,Louisiana Tech,13,CUSA,,176,Missouri State,13,CUSA,,463,Propst Arena,Huntsville,AL,-0.11004548573068007,0.6971054874374261,0.8071509731681061,Missouri State
372426,401851504,20252026,2026,regular,2026-03-14T03:59:00.000000,false,true,true,TRNMNT,,Mountain West Championship - Semifinal,scheduled,257,San Diego State,20,Mountain West,,191,New Mexico,20,Mountain West,,194,Thomas & Mack Center,Las Vegas,NV,3.2463432388936866,4.732366057273836,1.4860228183801496,New Mexico
372401,401851414,20252026,2026,regular,2026-03-13T19:00:00.000000,false,true,true,TRNMNT,,CUSA Championship - Semifinal,scheduled,255,Sam Houston,13,CUSA,,133,Kennesaw State,13,CUSA,,463,Propst Arena,Huntsville,AL,3.926749548295575,1.8248184766827222,-2.101931071612853,Sam Houston
359040,401830012,20252026,2026,regular,2026-03-07T19:00:00.000000,false,false,true,STD,,,scheduled,62,Dartmouth,15,Ivy,,60,Cornell,15,Ivy,,70,Leede Arena,Hanover,NH,-2.6257490429692893,2.343757703530983,1.9695067465002722,Cornell
212105,401804963,20252026,2026,regular,2026-03-07T19:00:00.000000,false,false,true,STD,,,scheduled,142,Liberty,13,CUSA,,255,Sam Houston,13,CUSA,,339,Liberty Arena,Lynchburg,VA,5.050524978062825,3.926749548295575,-4.1237754297672495,Liberty
372334,401851549,20252026,2026,regular,2026-03-11T23:00:00.000000,false,false,true,TRNMNT,,Patriot League Championship - Final,scheduled,141,Lehigh,23,Patriot,,27,Boston University,23,Patriot,,382,Stabler Arena,Bethlehem,PA,-1.0026777662519208,2.983270252024127,0.9859480182760478,Boston University
359038,401828463,20252026,2026,regular,2026-03-07T17:00:00.000000,false,false,true,STD,,,scheduled,277,St. Bonaventure,1,A-10,,63,Davidson,1,A-10,,73,Reilly Center,Saint Bonaventure,NY,-1.5320195614121843,1.9117699094326923,0.44378947084487663,Davidson
372295,401851260,20252026,2026,regular,2026-03-11T18:00:00.000000,false,true,true,TRNMNT,,Atlantic 10 Championship - 1st Round,scheduled,242,Richmond,1,A-10,,151,Loyola Chicago,1,A-10,,482,PPG Paints Arena,Pittsburgh,PA,-0.33786433556564077,-5.689733196731112,-5.351868861165471,Richmond
372337,401851222,20252026,2026,regular,2026-03-12T01:00:00.000000,false,true,true,TRNMNT,,American Conference Championship - 1st Round,scheduled,86,Florida Atlantic,5,American,,289,Temple,5,American,,377,Legacy Arena at BJCC,Birmingham,AL,-0.2648132826697065,2.208356349893137,2.4731696325628434,Temple
372229,401851490,20252026,2026,regular,2026-03-07T00:00:00.000000,false,true,true,TRNMNT,,MVC Tournament - Quarterfinal,scheduled,29,Bradley,19,MVC,,335,Valparaiso,19,MVC,,436,Enterprise Center,St. Louis,MO,-0.9298328465345094,-1.68386021238463,-0.7540273658501206,Bradley
372350,401851718,20252026,2026,regular,2026-03-11T18:00:00.000000,false,true,true,TRNMNT,,SWAC Tournament - Quarterfinal,scheduled,23,Bethune-Cookman,25,SWAC,,232,Prairie View A&M,25,SWAC,,529,Gateway Center,College Park,GA,-1.520316618436624,-5.997719189161131,-4.477402570724507,Bethune-Cookman
372222,401851517,20252026,2026,regular,2026-03-07T17:00:00.000000,false,false,true,TRNMNT,,Northeast Conference Tournament - Semifinal,scheduled,165,Mercyhurst,21,NEC,,284,Stonehill,21,NEC,,300,Mercyhurst Athletic Center,Erie,PA,-1.913329125464216,-2.308086717448802,-3.394757591984586,Mercyhurst
212079,401814602,20252026,2026,regular,2026-03-06T23:00:00.000000,false,false,true,STD,,,scheduled,3,Akron,17,MAC,,208,Northern Illinois,17,MAC,,279,James A. Rhodes Arena,Akron,OH,7.093783424622487,-6.421179135037761,-16.514962559660248,Akron
215213,401827724,20252026,2026,regular,2026-03-08T03:30:00.000000,false,false,true,STD,,,scheduled,18,BYU,6,Big 12,,298,Texas Tech,6,Big 12,,204,Marriott Center,Provo,UT,2.1324365391071183,7.546968701154853,2.4145321620477347,Texas Tech
372402,401851566,20252026,2026,regular,2026-03-13T19:30:00.000000,false,true,true,TRNMNT,,SEC Tournament - Quarterfinal,scheduled,336,Vanderbilt,24,SEC,,292,Tennessee,24,SEC,,481,Bridgestone Arena,Nashville,TN,5.987340168227391,11.427033830401555,5.4396936621741645,Tennessee
359050,401828266,20252026,2026,regular,2026-03-08T19:00:00.000000,false,false,true,STD,,,scheduled,304,Tulsa,5,American,,289,Temple,5,American,,115,Reynolds Center,Tulsa,OK,10.164730591581005,2.208356349893137,-10.956374241687868,Tulsa
372417,401851383,20252026,2026,regular,2026-03-14T01:00:00.000000,false,true,true,TRNMNT,,Big Ten Tournament - Quarterfinal,scheduled,169,Michigan State,10,Big Ten,,313,UCLA,10,Big Ten,,449,United Center,Chicago,IL,11.5655966322511,4.964856495252292,-6.600740136998809,Michigan State
372304,401851497,20252026,2026,regular,2026-03-12T01:00:00.000000,false,true,true,TRNMNT,,Mountain West Championship - 1st Round,scheduled,57,Colorado State,20,Mountain West,,92,Fresno State,20,Mountain West,,194,Thomas & Mack Center,Las Vegas,NV,8.786108485096477,-2.823928088632343,-11.61003657372882,Colorado State
372287,401851521,20252026,2026,regular,2026-03-10T23:00:00.000000,false,false,true,TRNMNT,,Northeast Conference Tournament - Final,scheduled,146,Long Island University,21,NEC,,165,Mercyhurst,21,NEC,,293,Steinberg Wellness Center,Brooklyn,NY,2.259945635770862,-1.913329125464216,-7.173274761235078,Long Island University
372440,401858192,20252026,2026,regular,2026-03-15T00:00:00.000000,false,true,true,TRNMNT,,MAC Championship - Final,scheduled,3,Akron,17,MAC,,300,Toledo,17,MAC,,470,Rocket Mortgage FieldHouse,Cleveland,OH,7.093783424622487,-0.24027795077429914,-7.334061375396786,Akron
215206,401827722,20252026,2026,regular,2026-03-07T01:00:00.000000,false,false,true,STD,,,scheduled,347,West Virginia,6,Big 12,,312,UCF,6,Big 12,,87,WVU Coliseum,Morgantown,WV,5.502294297250188,0.28742426517008823,-8.2148700320801,West Virginia
372278,401851629,20252026,2026,regular,2026-03-09T01:00:00.000000,false,true,true,TRNMNT,,Summit League Championship - Final,scheduled,202,North Dakota State,28,Summit,,201,North Dakota,28,Summit,,477,Denny Sanford Premier Center,Sioux Falls,SD,5.382552024020356,-8.943773269364058,-14.326325293384414,North Dakota State
372432,401851570,20252026,2026,regular,2026-03-14T19:30:00.000000,false,true,true,TRNMNT,,SEC Tournament - Semifinal,scheduled,12,Arkansas,24,SEC,,220,Ole Miss,24,SEC,,481,Bridgestone Arena,Nashville,TN,3.8887031239155903,-2.496590021865586,-6.385293145781176,Arkansas
372420,401851182,20252026,2026,regular,2026-03-14T01:30:00.000000,false,true,true,TRNMNT,,T. Rowe Price ACC Tournament - Semifinal,scheduled,72,Duke,2,ACC,,52,Clemson,2,ACC,,428,Spectrum Center,Charlotte,NC,16.884531475424794,6.809496826911882,-10.075034648512911,Duke
372220,401851247,20252026,2026,regular,2026-03-06T22:00:00.000000,false,true,true,TRNMNT,,ASUN Championship - Quarterfinal,scheduled,17,Austin Peay,3,ASUN,,283,Stetson,3,ASUN,,15,VyStar Veterans Memorial Arena,Jacksonville,FL,4.033927613260246,-4.343602786116605,-8.377530399376852,Austin Peay
215214,401827723,20252026,2026,regular,2026-03-07T22:00:00.000000,false,false,true,STD,,,scheduled,20,Baylor,6,Big 12,,331,Utah,6,Big 12,,332,Foster Pavilion,Waco,TX,2.123967786650198,-4.403628718441084,-9.527596505091282,Baylor
372330,401851362,20252026,2026,regular,2026-03-10T21:00:00.000000,false,true,true,TRNMNT,,Big Ten Tournament - 1st Round,scheduled,223,Oregon,10,Big Ten,,160,Maryland,10,Big Ten,,449,United Center,Chicago,IL,-1.4848380060095678,-5.954355563811575,-4.469517557802007,Oregon
372413,401851274,20252026,2026,regular,2026-03-13T23:30:00.000000,false,true,true,TRNMNT,,Atlantic 10 Championship - Quarterfinal,scheduled,251,Saint Joseph's,1,A-10,,63,Davidson,1,A-10,,482,PPG Paints Arena,Pittsburgh,PA,1.4577010808756228,1.9117699094326923,0.45406882855706954,Davidson
215226,401822973,20252026,2026,regular,2026-03-07T17:30:00.000000,false,false,true,STD,,,scheduled,157,Marquette,7,Big East,,314,UConn,7,Big East,,12,Fiserv Forum,Milwaukee,WI,-1.6469726997469394,11.391042445873566,10.038015145620506,UConn
212084,401818565,20252026,2026,regular,2026-03-07T00:00:00.000000,false,false,true,STD,,,scheduled,30,Brown,15,Ivy,,227,Pennsylvania,15,Ivy,,319,Pizzitola Sports Center,Providence,RI,-2.8970972531002275,-1.3442619579109305,-1.447164704810703,Brown
215235,401820787,20252026,2026,regular,2026-03-07T17:00:00.000000,false,false,true,STD,,,scheduled,52,Clemson,2,ACC,,101,Georgia Tech,2,ACC,,91,Littlejohn Coliseum,Clemson,SC,6.809496826911882,-5.417032844052812,-15.226529670964695,Clemson
372259,401851719,20252026,2026,regular,2026-03-12T18:00:00.000000,false,true,true,TRNMNT,,SWAC Tournament - Quarterfinal,scheduled,296,Texas Southern,25,SWAC,,4,Alabama A&M,25,SWAC,,529,Gateway Center,College Park,GA,-5.541368413146685,-2.252622211103187,3.288746202043498,Alabama A&M
372240,401851351,20252026,2026,regular,2026-03-07T17:00:00.000000,false,true,true,TRNMNT,,Big South Championship - Semifinal,scheduled,109,High Point,9,Big South,,319,UNC Asheville,9,Big South,,72,Freedom Hall (TN),Johnson City,TN,8.005787907384729,-2.434757349336593,-10.440545256721322,High Point
372306,401851310,20252026,2026,regular,2026-03-12T01:00:00.000000,false,true,true,TRNMNT,,Big East Tournament - 1st Round,scheduled,65,DePaul,7,Big East,,97,Georgetown,7,Big East,,371,Madison Square Garden,New York,NY,2.4263292745491327,1.7164210327464957,-0.709908241802637,DePaul
372317,401851734,20252026,2026,regular,2026-03-13T01:00:00.000000,false,true,true,TRNMNT,,WAC Tournament - Quarterfinal,scheduled,324,UT Arlington,30,WAC,,276,Southern Utah,30,WAC,,434,Orleans Arena,Las Vegas,NV,2.277100190154428,-5.604111901408302,-7.88121209156273,UT Arlington
372273,401851329,20252026,2026,regular,2026-03-08T23:30:00.000000,false,true,true,TRNMNT,,Big Sky Championship - 2nd Round,scheduled,231,Portland State,8,Big Sky,,116,Idaho State,8,Big Sky,,415,Idaho Central Arena,Boise,ID,2.5168476123988484,-1.8153431196694925,-4.332190732068341,Portland State
372322,401851607,20252026,2026,regular,2026-03-09T22:00:00.000000,false,true,true,TRNMNT,,Southland Tournament - Quarterfinal,scheduled,294,Texas A&M-Corpus Christi,27,Southland,,193,New Orleans,27,Southland,,260,Legacy Center,Lake Charles,LA,0.49435810766080124,1.0409234808935253,0.546565373232724,New Orleans
372246,401851493,20252026,2026,regular,2026-03-07T23:00:00.000000,false,true,true,TRNMNT,,MVC Tournament - Semifinal,scheduled,29,Bradley,19,MVC,,209,Northern Iowa,19,MVC,,436,Enterprise Center,St. Louis,MO,-0.9298328465345094,5.306157954538733,6.2359908010732426,Northern Iowa
372179,401851350,20252026,2026,regular,2026-03-07T01:30:00.000000,false,true,true,TRNMNT,,Big South Championship - Quarterfinal,scheduled,239,Radford,9,Big South,,233,Presbyterian,9,Big South,,72,Freedom Hall (TN),Johnson City,TN,-3.262980664740482,-0.675856540286432,2.58712412445405,Presbyterian
372174,401851348,20252026,2026,regular,2026-03-06T19:30:00.000000,false,true,true,TRNMNT,,Big South Championship - Quarterfinal,scheduled,354,Winthrop,9,Big South,,47,Charleston Southern,9,Big South,,72,Freedom Hall (TN),Johnson City,TN,3.6421141159834605,-0.7782271757216535,-4.420341291705114,Winthrop
215218,401825563,20252026,2026,regular,2026-03-07T22:30:00.000000,false,false,true,STD,,,scheduled,216,Ohio State,10,Big Ten,,121,Indiana,10,Big Ten,,324,Schottenstein Center,Columbus,OH,6.2164250505214795,6.908704740092631,-2.3077203104288486,Ohio State
212088,401809104,20252026,2026,regular,2026-03-08T02:00:00.000000,false,false,true,STD,,,scheduled,311,UC Santa Barbara,11,Big West,,310,UC San Diego,11,Big West,,184,The Thunderdome,Santa Barbara,CA,4.522436412823339,1.299984871098843,-6.222451541724496,UC Santa Barbara
372192,401851489,20252026,2026,regular,2026-03-06T20:30:00.000000,false,true,true,TRNMNT,,MVC Tournament - Quarterfinal,scheduled,184,Murray State,19,MVC,,315,UIC,19,MVC,,436,Enterprise Center,St. Louis,MO,1.3946081499216945,4.090820366713032,2.696212216791338,UIC
372431,401851227,20252026,2026,regular,2026-03-14T19:00:00.000000,false,true,true,TRNMNT,,American Conference Championship - Semifinal,scheduled,271,South Florida,5,American,,48,Charlotte,5,American,,377,Legacy Arena at BJCC,Birmingham,AL,6.218026963963467,1.5968675503426653,-4.621159413620802,South Florida
372247,401851702,20252026,2026,regular,2026-03-07T23:30:00.000000,false,true,true,TRNMNT,,Sun Belt Championship - Quarterfinal,scheduled,9,App State,29,Sun Belt,,275,Southern Miss,29,Sun Belt,,475,Pensacola Bay Center,Pensacola,FL,2.556607841792683,-0.4766166935177125,-3.0332245353103957,App State
215227,401820795,20252026,2026,regular,2026-03-07T21:00:00.000000,false,false,true,STD,,,scheduled,342,Wake Forest,2,ACC,,40,California,2,ACC,,153,LJVM Coliseum,Winston-Salem,NC,1.2038312930193058,1.4964568736905903,-2.7073744193287155,Wake Forest
372300,401851309,20252026,2026,regular,2026-03-11T22:30:00.000000,false,true,true,TRNMNT,,Big East Tournament - 1st Round,scheduled,157,Marquette,7,Big East,,359,Xavier,7,Big East,,371,Madison Square Garden,New York,NY,-1.6469726997469394,-4.270502728615966,-2.623530028869027,Marquette
372360,401851176,20252026,2026,regular,2026-03-12T01:30:00.000000,false,true,true,TRNMNT,,T. Rowe Price ACC Tournament - 2nd Round,scheduled,52,Clemson,2,ACC,,342,Wake Forest,2,ACC,,428,Spectrum Center,Charlotte,NC,6.809496826911882,1.2038312930193058,-5.6056655338925765,Clemson
215233,401820789,20252026,2026,regular,2026-03-07T19:00:00.000000,false,false,true,STD,,,scheduled,90,Florida State,2,ACC,,248,SMU,2,ACC,,81,Tucker Center,Tallahassee,FL,-0.5544859475594563,2.5805269704912206,0.13501291805067694,SMU
212081,401814600,20252026,2026,regular,2026-03-07T00:00:00.000000,false,false,true,STD,,,scheduled,19,Ball State,17,MAC,,45,Central Michigan,17,MAC,,269,Worthen Arena,Muncie,IN,-4.233136033262298,-3.4376215486976633,-2.2044855154353655,Ball State
372406,401851315,20252026,2026,regular,2026-03-13T21:30:00.000000,false,false,true,TRNMNT,,Big East Tournament - Semifinal,scheduled,279,St. John's,7,Big East,,263,Seton Hall,7,Big East,,371,Madison Square Garden,New York,NY,6.323973753384436,4.220042017730634,-5.103931735653802,St. John's
372279,401851331,20252026,2026,regular,2026-03-09T02:00:00.000000,false,true,true,TRNMNT,,Big Sky Championship - 2nd Round,scheduled,180,Montana State,8,Big Sky,,117,Idaho,8,Big Sky,,415,Idaho Central Arena,Boise,ID,2.4661379914911237,1.6758806969613147,-0.790257294529809,Montana State
212086,401809152,20252026,2026,regular,2026-03-08T04:59:00.000000,false,false,true,STD,,,scheduled,108,Hawai'i,11,Big West,,145,Long Beach State,11,Big West,,288,Stan Sheriff Center,Honolulu,HI,4.818673445510285,-7.44182209077843,-15.260495536288715,Hawai'i
372208,401851199,20252026,2026,regular,2026-03-07T19:00:00.000000,false,false,true,TRNMNT,,America East Playoffs - Quarterfinal,scheduled,337,Vermont,4,Am. East,,31,Bryant,4,Am. East,,376,Patrick Gymnasium,Burlington,VT,2.683155666165632,-5.029799460161215,-10.712955126326847,Vermont
372404,401858190,20252026,2026,regular,2026-03-13T21:00:00.000000,false,true,true,TRNMNT,,MAC Championship - Semifinal,scheduled,300,Toledo,17,MAC,,161,Massachusetts,17,MAC,,470,Rocket Mortgage FieldHouse,Cleveland,OH,-0.24027795077429914,-0.22506461479628115,0.015213335978017994,Massachusetts
372177,401851621,20252026,2026,regular,2026-03-07T00:00:00.000000,false,true,true,TRNMNT,,Summit League Championship - Quarterfinal,scheduled,269,South Dakota,28,Summit,,221,Omaha,28,Summit,,477,Denny Sanford Premier Center,Sioux Falls,SD,-3.264486283122494,-3.1125488566116672,0.15193742651082687,Omaha
372318,401851411,20252026,2026,regular,2026-03-13T01:00:00.000000,false,true,true,TRNMNT,,CUSA Championship - Quarterfinal,scheduled,350,Western Kentucky,13,CUSA,,133,Kennesaw State,13,CUSA,,463,Propst Arena,Huntsville,AL,1.469127797134476,1.8248184766827222,0.3556906795482462,Kennesaw State
372388,401851314,20252026,2026,regular,2026-03-13T01:30:00.000000,false,true,true,TRNMNT,,Big East Tournament - Quarterfinal,scheduled,338,Villanova,7,Big East,,97,Georgetown,7,Big East,,371,Madison Square Garden,New York,NY,5.897200198224894,1.7164210327464957,-4.180779165478398,Villanova
372407,401851475,20252026,2026,regular,2026-03-13T22:00:00.000000,false,true,true,TRNMNT,,MEAC Tournament - Semifinal,scheduled,114,Howard,18,MEAC,,267,South Carolina State,18,MEAC,,479,Norfolk Scope Arena,Norfolk,VA,5.651486599073834,-7.981351086176389,-13.632837685250223,Howard
372205,401856423,20252026,2026,regular,2026-03-07T17:00:00.000000,false,true,true,TRNMNT,,CAA Championship - 2nd Round,scheduled,285,Stony Brook,12,CAA,,41,Campbell,12,CAA,,476,Entertainment & Sports Arena,Washington,DC,-1.2430222759844014,-2.0773051800912157,-0.8342829041068143,Stony Brook
372364,401851311,20252026,2026,regular,2026-03-12T16:00:00.000000,false,true,true,TRNMNT,,Big East Tournament - Quarterfinal,scheduled,279,St. John's,7,Big East,,235,Providence,7,Big East,,371,Madison Square Garden,New York,NY,6.323973753384436,-1.9021493701896048,-8.226123123574041,St. John's
372267,401856428,20252026,2026,regular,2026-03-08T18:30:00.000000,false,true,true,TRNMNT,,CAA Championship - Quarterfinal,scheduled,178,Monmouth,12,CAA,,71,Drexel,12,CAA,,476,Entertainment & Sports Arena,Washington,DC,0.19742408932424382,3.1056682866457948,2.908244197321551,Drexel
372339,401856433,20252026,2026,regular,2026-03-10T23:00:00.000000,false,true,true,TRNMNT,,CAA Championship - Final,scheduled,110,Hofstra,12,CAA,,178,Monmouth,12,CAA,,476,Entertainment & Sports Arena,Washington,DC,6.996397560172298,0.19742408932424382,-6.798973470848054,Hofstra
372335,401851221,20252026,2026,regular,2026-03-11T23:00:00.000000,false,true,true,TRNMNT,,American Conference Championship - 1st Round,scheduled,163,Memphis,5,American,,303,Tulane,5,American,,377,Legacy Arena at BJCC,Birmingham,AL,0.13543830720846017,-1.7185469235543138,-1.853985230762774,Memphis
215230,401820792,20252026,2026,regular,2026-03-07T21:30:00.000000,false,false,true,STD,,,scheduled,286,Syracuse,2,ACC,,229,Pittsburgh,2,ACC,,88,JMA Wireless Dome,Syracuse,NY,-1.5735452262130138,-0.6450466236773593,-2.0715013974643455,Syracuse
359042,401828465,20252026,2026,regular,2026-03-07T19:00:00.000000,false,false,true,STD,,,scheduled,91,Fordham,1,A-10,,240,Rhode Island,1,A-10,,340,Rose Hill Gym,Bronx,NY,0.41541724197961116,3.686220140788393,0.27080289880878183,Rhode Island
372392,401851394,20252026,2026,regular,2026-03-13T03:30:00.000000,false,true,true,TRNMNT,,Big West Championship - Quarterfinal,scheduled,37,Cal State Fullerton,11,Big West,,307,UC Davis,11,Big West,,264,Lee's Family Forum,Henderson,NV,-6.158693221291131,-0.24323382783687464,5.915459393454256,UC Davis
372389,401851224,20252026,2026,regular,2026-03-13T01:30:00.000000,false,true,true,TRNMNT,,American Conference Championship - 2nd Round,scheduled,204,North Texas,5,American,,86,Florida Atlantic,5,American,,377,Legacy Arena at BJCC,Birmingham,AL,1.9723182252634217,-0.2648132826697065,-2.237131507933128,North Texas
212095,401808282,20252026,2026,regular,2026-03-07T23:00:00.000000,false,false,true,STD,,,scheduled,136,LSU,24,SEC,,293,Texas A&M,24,SEC,,232,Pete Maravich Assembly Center,Baton Rouge,LA,3.090517221921388,3.1110160233339883,-2.9795011985874,LSU
372307,401851560,20252026,2026,regular,2026-03-12T01:30:00.000000,false,true,true,TRNMNT,,SEC Tournament - 1st Round,scheduled,217,Oklahoma,24,SEC,,266,South Carolina,24,SEC,,481,Bridgestone Arena,Nashville,TN,3.0263751147173963,-0.5638172395122609,-3.590192354229657,Oklahoma
372210,401856425,20252026,2026,regular,2026-03-07T23:00:00.000000,false,true,true,TRNMNT,,CAA Championship - 2nd Round,scheduled,301,Towson,12,CAA,,106,Hampton,12,CAA,,476,Entertainment & Sports Arena,Washington,DC,0.6484806477736669,-1.0019555254225025,-1.6504361731961694,Towson
372311,401858187,20252026,2026,regular,2026-03-12T17:30:00.000000,false,true,true,TRNMNT,,MAC Championship - Quarterfinal,scheduled,300,Toledo,17,MAC,,28,Bowling Green,17,MAC,,470,Rocket Mortgage FieldHouse,Cleveland,OH,-0.24027795077429914,0.9450739403922057,1.1853518911665049,Bowling Green
215216,401825565,20252026,2026,regular,2026-03-07T21:00:00.000000,false,false,true,STD,,,scheduled,236,Purdue,10,Big Ten,,355,Wisconsin,10,Big Ten,,11,Mackey Arena,West Lafayette,IN,10.638185241414092,4.95653110400464,-8.681654137409453,Purdue
215208,401827729,20252026,2026,regular,2026-03-07T19:00:00.000000,false,false,true,STD,,,scheduled,287,TCU,6,Big 12,,51,Cincinnati,6,Big 12,,150,Schollmaier Arena,Fort Worth,TX,3.0449188144346664,1.5714205285193685,-4.473498285915298,TCU
372369,401851376,20252026,2026,regular,2026-03-12T18:30:00.000000,false,true,true,TRNMNT,,Big Ten Tournament - 3rd Round,scheduled,355,Wisconsin,10,Big Ten,,343,Washington,10,Big Ten,,449,United Center,Chicago,IL,4.95653110400464,2.229938919595483,-2.7265921844091565,Wisconsin
372227,401851700,20252026,2026,regular,2026-03-06T23:00:00.000000,false,true,true,TRNMNT,,Sun Belt Championship - 4th Round,scheduled,297,Texas State,29,Sun Belt,,275,Southern Miss,29,Sun Belt,,475,Pensacola Bay Center,Pensacola,FL,0.6261354900685063,-0.4766166935177125,-1.1027521835862188,Texas State
372396,401851565,20252026,2026,regular,2026-03-13T17:00:00.000000,false,true,true,TRNMNT,,SEC Tournament - Quarterfinal,scheduled,87,Florida,24,SEC,,135,Kentucky,24,SEC,,481,Bridgestone Arena,Nashville,TN,10.001813669643,6.436656154126453,-3.565157515516546,Florida
372178,401851580,20252026,2026,regular,2026-03-07T00:30:00.000000,false,true,true,TRNMNT,,SoCon Championship - 1st Round,scheduled,320,UNC Greensboro,26,SoCon,,334,VMI,26,SoCon,,447,Harrah's Cherokee Center,Asheville,NC,-4.92883316616998,-10.662381527567703,-5.733548361397723,UNC Greensboro
215238,401825570,20252026,2026,regular,2026-03-08T16:00:00.000000,false,false,true,STD,,,scheduled,245,Rutgers,10,Big Ten,,226,Penn State,10,Big Ten,,213,Jersey Mike’s Arena,Piscataway,NJ,-5.076276996453984,-7.244747720384993,-5.168470723931009,Rutgers
372351,401851174,20252026,2026,regular,2026-03-11T18:30:00.000000,false,true,true,TRNMNT,,T. Rowe Price ACC Tournament - 2nd Round,scheduled,150,Louisville,2,ACC,,248,SMU,2,ACC,,428,Spectrum Center,Charlotte,NC,8.866455310377319,2.5805269704912206,-6.285928339886098,Louisville
372180,401851624,20252026,2026,regular,2026-03-07T02:30:00.000000,false,true,true,TRNMNT,,Summit League Championship - Quarterfinal,scheduled,201,North Dakota,28,Summit,,68,Denver,28,Summit,,477,Denny Sanford Premier Center,Sioux Falls,SD,-8.943773269364058,-2.4531555730421246,6.490617696321934,Denver
372375,401851377,20252026,2026,regular,2026-03-12T22:30:00.000000,false,true,true,TRNMNT,,Big Ten Tournament - 3rd Round,scheduled,236,Purdue,10,Big Ten,,212,Northwestern,10,Big Ten,,449,United Center,Chicago,IL,10.638185241414092,0.9060862832626952,-9.732098958151397,Purdue
372175,401851579,20252026,2026,regular,2026-03-06T22:00:00.000000,false,true,true,TRNMNT,,SoCon Championship - 1st Round,scheduled,49,Chattanooga,26,SoCon,,299,The Citadel,26,SoCon,,447,Harrah's Cherokee Center,Asheville,NC,-1.3178324185665389,-8.419588417416747,-7.101755998850209,Chattanooga
372251,401851703,20252026,2026,regular,2026-03-08T02:00:00.000000,false,true,true,TRNMNT,,Sun Belt Championship - Quarterfinal,scheduled,54,Coastal Carolina,29,Sun Belt,,99,Georgia Southern,29,Sun Belt,,475,Pensacola Bay Center,Pensacola,FL,-2.576594658002847,-3.1900488932381137,-0.6134542352352668,Coastal Carolina
372245,401851249,20252026,2026,regular,2026-03-07T22:00:00.000000,false,true,true,TRNMNT,,ASUN Championship - Semifinal,scheduled,43,Central Arkansas,3,ASUN,,88,Florida Gulf Coast,3,ASUN,,15,VyStar Veterans Memorial Arena,Jacksonville,FL,1.309251921224373,-2.900454812494516,-4.209706733718889,Central Arkansas
359043,401828464,20252026,2026,regular,2026-03-07T19:00:00.000000,false,false,true,STD,,,scheduled,73,Duquesne,1,A-10,,242,Richmond,1,A-10,,146,UPMC Cooper Fieldhouse,Pittsburgh,PA,-0.4719915795176206,-0.33786433556564077,-2.86587275604802,Duquesne
359037,401828462,20252026,2026,regular,2026-03-07T00:00:00.000000,false,false,true,STD,,,scheduled,64,Dayton,1,A-10,,333,VCU,1,A-10,,76,UD Arena,Dayton,OH,4.275708008401651,7.219211829430776,-0.056496178970874666,Dayton
372379,401851563,20252026,2026,regular,2026-03-12T23:00:00.000000,false,true,true,TRNMNT,,SEC Tournament - 2nd Round,scheduled,98,Georgia,24,SEC,,220,Ole Miss,24,SEC,,481,Bridgestone Arena,Nashville,TN,3.6588811601975664,-2.496590021865586,-6.1554711820631525,Georgia
372270,401851704,20252026,2026,regular,2026-03-08T22:00:00.000000,false,true,true,TRNMNT,,Sun Belt Championship - Semifinal,scheduled,302,Troy,29,Sun Belt,,275,Southern Miss,29,Sun Belt,,475,Pensacola Bay Center,Pensacola,FL,3.4007690019479213,-0.4766166935177125,-3.877385695465634,Troy
372274,401856430,20252026,2026,regular,2026-03-09T00:30:00.000000,false,true,true,TRNMNT,,CAA Championship - Quarterfinal,scheduled,110,Hofstra,12,CAA,,353,William & Mary,12,CAA,,476,Entertainment & Sports Arena,Washington,DC,6.996397560172298,1.7306949986523819,-5.265702561519916,Hofstra
372374,401851500,20252026,2026,regular,2026-03-12T21:30:00.000000,false,true,true,TRNMNT,,Mountain West Championship - Quarterfinal,scheduled,104,Grand Canyon,20,Mountain West,,189,Nevada,20,Mountain West,,194,Thomas & Mack Center,Las Vegas,NV,5.360027778023664,2.124292404731918,-3.235735373291746,Grand Canyon
359051,401828265,20252026,2026,regular,2026-03-08T19:00:00.000000,false,false,true,STD,,,scheduled,241,Rice,5,American,,328,UTSA,5,American,,197,Tudor Fieldhouse,Houston,TX,-2.649772771096295,-11.482122919380913,-11.832350148284618,Rice
372422,401851568,20252026,2026,regular,2026-03-14T01:30:00.000000,false,true,true,TRNMNT,,SEC Tournament - Quarterfinal,scheduled,12,Arkansas,24,SEC,,217,Oklahoma,24,SEC,,481,Bridgestone Arena,Nashville,TN,3.8887031239155903,3.0263751147173963,-0.862328009198194,Arkansas
215217,401825564,20252026,2026,regular,2026-03-08T04:00:00.000000,false,false,true,STD,,,scheduled,223,Oregon,10,Big Ten,,343,Washington,10,Big Ten,,191,Matthew Knight Arena,Eugene,OR,-1.4848380060095678,2.229938919595483,0.7147769256050509,Washington
372410,401851181,20252026,2026,regular,2026-03-13T23:00:00.000000,false,true,true,TRNMNT,,T. Rowe Price ACC Tournament - Semifinal,scheduled,339,Virginia,2,ACC,,168,Miami,2,ACC,,428,Spectrum Center,Charlotte,NC,10.64374700176603,7.509606523460036,-3.1341404783059943,Virginia
372367,401851561,20252026,2026,regular,2026-03-12T16:30:00.000000,false,true,true,TRNMNT,,SEC Tournament - 2nd Round,scheduled,177,Missouri,24,SEC,,135,Kentucky,24,SEC,,481,Bridgestone Arena,Nashville,TN,3.5345253187886954,6.436656154126453,2.9021308353377577,Kentucky
359052,401828262,20252026,2026,regular,2026-03-08T19:00:00.000000,false,false,true,STD,,,scheduled,305,UAB,5,American,,74,East Carolina,5,American,,103,Bartow Arena,Birmingham,AL,1.7662905045833952,-5.6595605350384375,-10.425851039621833,UAB
372425,401851397,20252026,2026,regular,2026-03-14T03:30:00.000000,false,true,true,TRNMNT,,Big West Championship - Semifinal,scheduled,108,Hawai'i,11,Big West,,37,Cal State Fullerton,11,Big West,,264,Lee's Family Forum,Henderson,NV,4.818673445510285,-6.158693221291131,-10.977366666801416,Hawai'i
372232,401851460,20252026,2026,regular,2026-03-07T01:30:00.000000,false,true,true,TRNMNT,,MAAC Championship - Quarterfinal,scheduled,254,Saint Peter's,16,MAAC,,83,Fairfield,16,MAAC,,478,Jim Whelan Boardwalk Hall,Atlantic City,NJ,2.8228138819528255,-0.4912126392916605,-3.314026521244486,Saint Peter's
215215,401825566,20252026,2026,regular,2026-03-08T02:00:00.000000,false,false,true,STD,,,scheduled,323,USC,10,Big Ten,,313,UCLA,10,Big Ten,,187,Galen Center,Los Angeles,CA,-0.7482365896797205,4.964856495252292,2.7130930849320123,UCLA
212107,401812624,20252026,2026,regular,2026-03-07T00:00:00.000000,false,false,true,STD,,,scheduled,107,Harvard,15,Ivy,,58,Columbia,15,Ivy,,29,Lavietes Pavilion,Cambridge,MA,4.933029514139108,0.8471342703790157,-7.085895243760092,Harvard
359047,401829334,20252026,2026,regular,2026-03-07T22:00:00.000000,false,false,true,STD,,,scheduled,260,San José State,20,Mountain West,,358,Wyoming,20,Mountain West,,185,Provident Credit Union Event Center,San Jose,CA,-7.522863847297728,2.9030419105853014,7.425905757883029,Wyoming
372354,401851407,20252026,2026,regular,2026-03-11T22:30:00.000000,false,true,true,TRNMNT,,CUSA Championship - Quarterfinal,scheduled,142,Liberty,13,CUSA,,176,Missouri State,13,CUSA,,463,Propst Arena,Huntsville,AL,5.050524978062825,0.6971054874374261,-4.353419490625399,Liberty
212101,401804967,20252026,2026,regular,2026-03-07T19:00:00.000000,false,false,true,STD,,,scheduled,89,Florida International,13,CUSA,,350,Western Kentucky,13,CUSA,,353,Ocean Bank Convocation Center,Miami,FL,-3.569973504854133,1.469127797134476,2.039101301988609,Western Kentucky
372228,401851457,20252026,2026,regular,2026-03-06T23:00:00.000000,false,true,true,TRNMNT,,MAAC Championship - Quarterfinal,scheduled,166,Merrimack,16,MAAC,,250,Sacred Heart,16,MAAC,,478,Jim Whelan Boardwalk Hall,Atlantic City,NJ,5.109659431576716,-0.6269830748127703,-5.736642506389487,Merrimack
372346,401851335,20252026,2026,regular,2026-03-11T03:30:00.000000,false,true,true,TRNMNT,,Big Sky Championship - Semifinal,scheduled,80,Eastern Washington,8,Big Sky,,117,Idaho,8,Big Sky,,415,Idaho Central Arena,Boise,ID,-0.05010741580404954,1.6758806969613147,1.7259881127653642,Idaho
372187,401851462,20252026,2026,regular,2026-03-07T23:00:00.000000,false,true,true,TRNMNT,,MAAC Championship - Quarterfinal,scheduled,238,Quinnipiac,16,MAAC,,156,Marist,16,MAAC,,478,Jim Whelan Boardwalk Hall,Atlantic City,NJ,1.6793345919534346,4.894234326846515,3.2148997348930806,Marist
372204,401856422,20252026,2026,regular,2026-03-06T19:00:00.000000,false,true,true,TRNMNT,,CAA Championship - 1st Round,scheduled,198,North Carolina A&T,12,CAA,,205,Northeastern,12,CAA,,476,Entertainment & Sports Arena,Washington,DC,-3.97589993327864,-6.771718523741484,-2.7958185904628436,North Carolina A&T
212085,401809164,20252026,2026,regular,2026-03-08T00:00:00.000000,false,false,true,STD,,,scheduled,35,Cal Poly,11,Big West,,36,Cal State Bakersfield,11,Big West,,323,Mott Athletics Center,San Luis Obispo,CA,-7.047809266643455,-9.452737619512092,-5.404928352868637,Cal Poly
372391,401851502,20252026,2026,regular,2026-03-13T03:30:00.000000,false,true,true,TRNMNT,,Mountain West Championship - Quarterfinal,scheduled,191,New Mexico,20,Mountain West,,260,San José State,20,Mountain West,,194,Thomas & Mack Center,Las Vegas,NV,4.732366057273836,-7.522863847297728,-12.255229904571564,New Mexico
372244,401851492,20252026,2026,regular,2026-03-07T20:30:00.000000,false,true,true,TRNMNT,,MVC Tournament - Semifinal,scheduled,315,UIC,19,MVC,,70,Drake,19,MVC,,436,Enterprise Center,St. Louis,MO,4.090820366713032,-2.7664431698841696,-6.857263536597202,UIC
372238,401851548,20252026,2026,regular,2026-03-08T18:00:00.000000,false,false,true,TRNMNT,,Patriot League Championship - Semifinal,scheduled,187,Navy,23,Patriot,,27,Boston University,23,Patriot,,272,Alumni Hall (Navy),Annapolis,MD,8.559288116555265,2.983270252024127,-8.576017864531138,Navy
359045,401828466,20252026,2026,regular,2026-03-07T21:00:00.000000,false,false,true,STD,,,scheduled,95,George Mason,1,A-10,,252,Saint Louis,1,A-10,,77,EagleBank Arena,Fairfax,VA,5.117635792217527,12.123886061169372,4.006250268951845,Saint Louis
372313,401858188,20252026,2026,regular,2026-03-12T20:00:00.000000,false,true,true,TRNMNT,,MAC Championship - Quarterfinal,scheduled,3,Akron,17,MAC,,33,Buffalo,17,MAC,,470,Rocket Mortgage FieldHouse,Cleveland,OH,7.093783424622487,1.4927141542531643,-5.601069270369322,Akron
372281,401851282,20252026,2026,regular,2026-03-10T16:30:00.000000,false,true,true,TRNMNT,,Phillips 66 Big 12 Tournament - 1st Round,scheduled,10,Arizona State,6,Big 12,,20,Baylor,6,Big 12,,394,T-Mobile Center,Kansas City,MO,-1.248189553166128,2.123967786650198,3.372157339816326,Baylor
212104,401804964,20252026,2026,regular,2026-03-07T17:00:00.000000,false,false,true,STD,,,scheduled,66,Delaware,13,CUSA,,149,Louisiana Tech,13,CUSA,,35,Bob Carpenter Center,Newark,DE,-2.020019227946051,-0.11004548573068007,-1.0900262577846291,Delaware
372357,401851721,20252026,2026,regular,2026-03-12T00:30:00.000000,false,true,true,TRNMNT,,SWAC Tournament - Quarterfinal,scheduled,85,Florida A&M,25,SWAC,,126,Jackson State,25,SWAC,,529,Gateway Center,College Park,GA,-3.949228276753331,-9.956876747600262,-6.007648470846931,Florida A&M
215212,401827725,20252026,2026,regular,2026-03-08T04:00:00.000000,false,false,true,STD,,,scheduled,56,Colorado,6,Big 12,,11,Arizona,6,Big 12,,176,CU Events Center,Boulder,CO,-1.5512735246107923,11.658444783442803,10.209718308053596,Arizona
372310,401851263,20252026,2026,regular,2026-03-12T15:30:00.000000,false,true,true,TRNMNT,,Atlantic 10 Championship - 2nd Round,scheduled,91,Fordham,1,A-10,,96,George Washington,1,A-10,,482,PPG Paints Arena,Pittsburgh,PA,0.41541724197961116,6.082582037006901,5.66716479502729,George Washington
212090,401808287,20252026,2026,regular,2026-03-08T01:30:00.000000,false,false,true,STD,,,scheduled,295,Texas,24,SEC,,217,Oklahoma,24,SEC,,263,Moody Center,Austin,TX,5.028268229769893,3.0263751147173963,-5.001893115052496,Texas
372248,401851250,20252026,2026,regular,2026-03-08T00:30:00.000000,false,true,true,TRNMNT,,ASUN Championship - Semifinal,scheduled,17,Austin Peay,3,ASUN,,362,Queens University,3,ASUN,,15,VyStar Veterans Memorial Arena,Jacksonville,FL,4.033927613260246,1.695926574716907,-2.3380010385433394,Austin Peay
359049,401828263,20252026,2026,regular,2026-03-08T18:00:00.000000,false,false,true,STD,,,scheduled,271,South Florida,5,American,,48,Charlotte,5,American,,337,Yuengling Center,Tampa,FL,6.218026963963467,1.5968675503426653,-7.621159413620802,South Florida
359046,401828261,20252026,2026,regular,2026-03-07T21:00:00.000000,false,false,true,STD,,,scheduled,352,Wichita State,5,American,,86,Florida Atlantic,5,American,,308,Charles Koch Arena,Wichita,KS,4.47320011604387,-0.2648132826697065,-7.738013398713576,Wichita State
372434,401851276,20252026,2026,regular,2026-03-14T19:30:00.000000,false,true,true,TRNMNT,,Atlantic 10 Championship - Semifinal,scheduled,333,VCU,1,A-10,,251,Saint Joseph's,1,A-10,,482,PPG Paints Arena,Pittsburgh,PA,7.219211829430776,1.4577010808756228,-5.761510748555153,VCU
215224,401822975,20252026,2026,regular,2026-03-07T17:00:00.000000,false,false,true,STD,,,scheduled,65,DePaul,7,Big East,,34,Butler,7,Big East,,141,Wintrust Arena,Chicago,IL,2.4263292745491327,0.5826071530988912,-4.8437221214502415,DePaul
372429,401851477,20252026,2026,regular,2026-03-14T17:00:00.000000,false,true,true,TRNMNT,,MEAC Tournament - Final,scheduled,114,Howard,18,MEAC,,199,North Carolina Central,18,MEAC,,479,Norfolk Scope Arena,Norfolk,VA,5.651486599073834,-6.577330961704547,-12.228817560778381,Howard
215219,401825562,20252026,2026,regular,2026-03-08T02:00:00.000000,false,false,true,STD,,,scheduled,173,Minnesota,10,Big Ten,,212,Northwestern,10,Big Ten,,231,Williams Arena,Minneapolis,MN,4.512017927869493,0.9060862832626952,-6.605931644606798,Minnesota
372237,401851547,20252026,2026,regular,2026-03-08T16:00:00.000000,false,false,true,TRNMNT,,Patriot League Championship - Semifinal,scheduled,141,Lehigh,23,Patriot,,55,Colgate,23,Patriot,,382,Stabler Arena,Bethlehem,PA,-1.0026777662519208,-1.867098006554528,-3.864420240302607,Lehigh
372314,401851266,20252026,2026,regular,2026-03-12T21:00:00.000000,false,true,true,TRNMNT,,Atlantic 10 Championship - 2nd Round,scheduled,73,Duquesne,1,A-10,,240,Rhode Island,1,A-10,,482,PPG Paints Arena,Pittsburgh,PA,-0.4719915795176206,3.686220140788393,4.158211720306014,Rhode Island
372241,401856424,20252026,2026,regular,2026-03-07T19:30:00.000000,false,true,true,TRNMNT,,CAA Championship - 2nd Round,scheduled,71,Drexel,12,CAA,,205,Northeastern,12,CAA,,476,Entertainment & Sports Arena,Washington,DC,3.1056682866457948,-6.771718523741484,-9.877386810387279,Drexel
372193,401851325,20252026,2026,regular,2026-03-08T00:30:00.000000,false,true,true,TRNMNT,,Big Sky Championship - 1st Round,scheduled,116,Idaho State,8,Big Sky,,206,Northern Arizona,8,Big Sky,,415,Idaho Central Arena,Boise,ID,-1.8153431196694925,-9.78501895592494,-7.969675836255448,Idaho State
372442,401851415,20252026,2026,regular,2026-03-15T00:30:00.000000,false,true,true,TRNMNT,,CUSA Championship - Final,scheduled,149,Louisiana Tech,13,CUSA,,133,Kennesaw State,13,CUSA,,463,Propst Arena,Huntsville,AL,-0.11004548573068007,1.8248184766827222,1.9348639624134023,Kennesaw State
372418,401851736,20252026,2026,regular,2026-03-14T01:00:00.000000,false,true,true,TRNMNT,,WAC Tournament - Semifinal,scheduled,332,Utah Valley,30,WAC,,324,UT Arlington,30,WAC,,434,Orleans Arena,Las Vegas,NV,6.569384218442067,2.277100190154428,-4.292284028287639,Utah Valley
372224,401851431,20252026,2026,regular,2026-03-08T19:30:00.000000,false,true,true,TRNMNT,,Barbasol Horizon League Championship - 2nd Round,scheduled,105,Green Bay,14,Horizon,,210,Northern Kentucky,14,Horizon,,19,Corteva Coliseum,Indianapolis,IN,2.5739798193708054,0.48092457192063875,-2.0930552474501667,Green Bay
372409,401851304,20252026,2026,regular,2026-03-13T23:00:00.000000,false,true,true,TRNMNT,,Phillips 66 Big 12 Tournament - Semifinal,scheduled,11,Arizona,6,Big 12,,125,Iowa State,6,Big 12,,394,T-Mobile Center,Kansas City,MO,11.658444783442803,12.279001536222708,0.6205567527799047,Iowa State
372405,401851273,20252026,2026,regular,2026-03-13T21:00:00.000000,false,true,true,TRNMNT,,Atlantic 10 Championship - Quarterfinal,scheduled,333,VCU,1,A-10,,73,Duquesne,1,A-10,,482,PPG Paints Arena,Pittsburgh,PA,7.219211829430776,-0.4719915795176206,-7.691203408948397,VCU
372253,401851627,20252026,2026,regular,2026-03-08T03:30:00.000000,false,true,true,TRNMNT,,Summit League Championship - Semifinal,scheduled,280,St. Thomas-Minnesota,28,Summit,,201,North Dakota,28,Summit,,477,Denny Sanford Premier Center,Sioux Falls,SD,3.938191814880682,-8.943773269364058,-12.88196508424474,St. Thomas-Minnesota
215240,401825568,20252026,2026,regular,2026-03-08T20:30:00.000000,false,false,true,STD,,,scheduled,170,Michigan,10,Big Ten,,169,Michigan State,10,Big Ten,,148,Crisler Center,Ann Arbor,MI,12.996928746763203,11.5655966322511,-4.431332114512102,Michigan
372293,401851258,20252026,2026,regular,2026-03-11T15:30:00.000000,false,true,true,TRNMNT,,Atlantic 10 Championship - 1st Round,scheduled,137,La Salle,1,A-10,,277,St. Bonaventure,1,A-10,,482,PPG Paints Arena,Pittsburgh,PA,-3.5692760956731178,-1.5320195614121843,2.0372565342609334,St. Bonaventure
372415,401851476,20252026,2026,regular,2026-03-14T00:00:00.000000,false,true,true,TRNMNT,,MEAC Tournament - Semifinal,scheduled,199,North Carolina Central,18,MEAC,,67,Delaware State,18,MEAC,,479,Norfolk Scope Arena,Norfolk,VA,-6.577330961704547,-9.806762213844536,-3.229431252139989,North Carolina Central
372285,401851202,20252026,2026,regular,2026-03-10T22:00:00.000000,false,false,true,TRNMNT,,America East Playoffs - Semifinal,scheduled,317,UMBC,4,Am. East,,318,UMass Lowell,4,Am. East,,24,Chesapeake Employers Insurance Arena,Baltimore,MD,4.132269244929034,-2.899610302992812,-10.031879547921847,UMBC
372266,401851251,20252026,2026,regular,2026-03-08T18:00:00.000000,false,true,true,TRNMNT,,ASUN Championship - Final,scheduled,43,Central Arkansas,3,ASUN,,362,Queens University,3,ASUN,,15,VyStar Veterans Memorial Arena,Jacksonville,FL,1.309251921224373,1.695926574716907,0.38667465349253405,Queens University
372342,401851717,20252026,2026,regular,2026-03-11T00:30:00.000000,false,true,true,TRNMNT,,SWAC Tournament - 2nd Round,scheduled,126,Jackson State,25,SWAC,,103,Grambling,25,SWAC,,529,Gateway Center,College Park,GA,-9.956876747600262,-0.614841582611362,9.3420351649889,Grambling
372286,401851405,20252026,2026,regular,2026-03-10T22:30:00.000000,false,true,true,TRNMNT,,CUSA Championship - 1st Round,scheduled,89,Florida International,13,CUSA,,176,Missouri State,13,CUSA,,463,Propst Arena,Huntsville,AL,-3.569973504854133,0.6971054874374261,4.267078992291559,Missouri State
212100,401804968,20252026,2026,regular,2026-03-07T20:00:00.000000,false,false,true,STD,,,scheduled,176,Missouri State,13,CUSA,,171,Middle Tennessee,13,CUSA,,328,Great Southern Bank Arena,Springfield,MO,0.6971054874374261,-1.9131875635885365,-5.6102930510259625,Missouri State
215221,401823806,20252026,2026,regular,2026-03-08T01:00:00.000000,false,false,true,STD,,,scheduled,104,Grand Canyon,20,Mountain West,,92,Fresno State,20,Mountain West,,168,Global Credit Union Arena,Phoenix,AZ,5.360027778023664,-2.823928088632343,-11.183955866656007,Grand Canyon
212103,401804965,20252026,2026,regular,2026-03-07T20:00:00.000000,false,false,true,STD,,,scheduled,327,UTEP,13,CUSA,,128,Jacksonville State,13,CUSA,,166,Don Haskins Center,El Paso,TX,-4.920859045721301,0.42515450536316735,2.346013551084468,Jacksonville State
372316,401851410,20252026,2026,regular,2026-03-12T22:30:00.000000,false,true,true,TRNMNT,,CUSA Championship - Quarterfinal,scheduled,149,Louisiana Tech,13,CUSA,,171,Middle Tennessee,13,CUSA,,463,Propst Arena,Huntsville,AL,-0.11004548573068007,-1.9131875635885365,-1.8031420778578564,Louisiana Tech
372299,401851496,20252026,2026,regular,2026-03-11T21:30:00.000000,false,true,true,TRNMNT,,Mountain West Championship - 1st Round,scheduled,189,Nevada,20,Mountain West,,2,Air Force,20,Mountain West,,194,Thomas & Mack Center,Las Vegas,NV,2.124292404731918,-14.452898466361688,-16.577190871093606,Nevada
215209,401827728,20252026,2026,regular,2026-03-07T17:00:00.000000,false,false,true,STD,,,scheduled,218,Oklahoma State,6,Big 12,,113,Houston,6,Big 12,,175,Gallagher-Iba Arena,Stillwater,OK,-3.815242294254844,11.95173128612457,12.766973580379414,Houston
372255,401851714,20252026,2026,regular,2026-03-09T18:00:00.000000,false,true,true,TRNMNT,,SWAC Tournament - 1st Round,scheduled,6,Alabama State,25,SWAC,,7,Alcorn State,25,SWAC,,529,Gateway Center,College Park,GA,-4.330961060087404,-10.820952423906306,-6.489991363818902,Alabama State
372444,401851739,20252026,2026,regular,2026-03-15T03:59:00.000000,false,true,true,TRNMNT,,WAC Tournament - Final,scheduled,332,Utah Valley,30,WAC,,39,California Baptist,30,WAC,,434,Orleans Arena,Las Vegas,NV,6.569384218442067,4.875416665041556,-1.6939675534005119,Utah Valley
372258,401858186,20252026,2026,regular,2026-03-12T15:00:00.000000,false,true,true,TRNMNT,,MAC Championship - Quarterfinal,scheduled,167,Miami (OH),17,MAC,,161,Massachusetts,17,MAC,,470,Rocket Mortgage FieldHouse,Cleveland,OH,5.695632346677456,-0.22506461479628115,-5.9206969614737375,Miami (OH)
372323,401851706,20252026,2026,regular,2026-03-09T23:00:00.000000,false,true,true,TRNMNT,,Sun Belt Championship - Final,scheduled,302,Troy,29,Sun Belt,,99,Georgia Southern,29,Sun Belt,,475,Pensacola Bay Center,Pensacola,FL,3.4007690019479213,-3.1900488932381137,-6.590817895186035,Troy
372221,401851248,20252026,2026,regular,2026-03-07T00:30:00.000000,false,true,true,TRNMNT,,ASUN Championship - Quarterfinal,scheduled,362,Queens University,3,ASUN,,346,West Georgia,3,ASUN,,15,VyStar Veterans Memorial Arena,Jacksonville,FL,1.695926574716907,-6.307757717865286,-8.003684292582193,Queens University
372308,401851498,20252026,2026,regular,2026-03-12T03:30:00.000000,false,true,true,TRNMNT,,Mountain West Championship - 1st Round,scheduled,25,Boise State,20,Mountain West,,260,San José State,20,Mountain West,,194,Thomas & Mack Center,Las Vegas,NV,3.9982992942604056,-7.522863847297728,-11.521163141558134,Boise State
372371,401851299,20252026,2026,regular,2026-03-12T19:00:00.000000,false,true,true,TRNMNT,,Phillips 66 Big 12 Tournament - Quarterfinal,scheduled,11,Arizona,6,Big 12,,312,UCF,6,Big 12,,394,T-Mobile Center,Kansas City,MO,11.658444783442803,0.28742426517008823,-11.371020518272715,Arizona
372416,401851723,20252026,2026,regular,2026-03-14T00:30:00.000000,false,true,true,TRNMNT,,SWAC Tournament - Semifinal,scheduled,85,Florida A&M,25,SWAC,,274,Southern,25,SWAC,,529,Gateway Center,College Park,GA,-3.949228276753331,-4.912011352910042,-0.9627830761567111,Florida A&M
372373,401851499,20252026,2026,regular,2026-03-12T19:00:00.000000,false,true,true,TRNMNT,,Mountain West Championship - Quarterfinal,scheduled,329,Utah State,20,Mountain West,,322,UNLV,20,Mountain West,,194,Thomas & Mack Center,Las Vegas,NV,9.515491505431768,-2.6654090752532227,-12.180900580684991,Utah State
372394,401851380,20252026,2026,regular,2026-03-13T16:00:00.000000,false,true,true,TRNMNT,,Big Ten Tournament - Quarterfinal,scheduled,170,Michigan,10,Big Ten,,216,Ohio State,10,Big Ten,,449,United Center,Chicago,IL,12.996928746763203,6.2164250505214795,-6.780503696241723,Michigan
372349,401851289,20252026,2026,regular,2026-03-11T16:30:00.000000,false,true,true,TRNMNT,,Phillips 66 Big 12 Tournament - 2nd Round,scheduled,125,Iowa State,6,Big 12,,10,Arizona State,6,Big 12,,394,T-Mobile Center,Kansas City,MO,12.279001536222708,-1.248189553166128,-13.527191089388836,Iowa State
372226,401851488,20252026,2026,regular,2026-03-06T18:00:00.000000,false,true,true,TRNMNT,,MVC Tournament - Quarterfinal,scheduled,22,Belmont,19,MVC,,70,Drake,19,MVC,,436,Enterprise Center,St. Louis,MO,7.199435582798301,-2.7664431698841696,-9.965878752682471,Belmont
372288,401851285,20252026,2026,regular,2026-03-10T23:00:00.000000,false,true,true,TRNMNT,,Phillips 66 Big 12 Tournament - 1st Round,scheduled,18,BYU,6,Big 12,,132,Kansas State,6,Big 12,,394,T-Mobile Center,Kansas City,MO,2.1324365391071183,-3.894548669781514,-6.026985208888632,BYU
372211,401856426,20252026,2026,regular,2026-03-08T01:30:00.000000,false,true,true,TRNMNT,,CAA Championship - 2nd Round,scheduled,353,William & Mary,12,CAA,,81,Elon,12,CAA,,476,Entertainment & Sports Arena,Washington,DC,1.7306949986523819,-0.8583831847507213,-2.589078183403103,William & Mary
372181,401851586,20252026,2026,regular,2026-03-07T23:00:00.000000,false,true,true,TRNMNT,,SoCon Championship - Quarterfinal,scheduled,256,Samford,26,SoCon,,93,Furman,26,SoCon,,447,Harrah's Cherokee Center,Asheville,NC,0.2596139811105189,2.7473934908363304,2.4877795097258115,Furman
372355,401851369,20252026,2026,regular,2026-03-11T22:30:00.000000,false,true,true,TRNMNT,,Big Ten Tournament - 2nd Round,scheduled,121,Indiana,10,Big Ten,,212,Northwestern,10,Big Ten,,449,United Center,Chicago,IL,6.908704740092631,0.9060862832626952,-6.002618456829936,Indiana
372399,401851272,20252026,2026,regular,2026-03-13T18:00:00.000000,false,true,true,TRNMNT,,Atlantic 10 Championship - Quarterfinal,scheduled,64,Dayton,1,A-10,,277,St. Bonaventure,1,A-10,,482,PPG Paints Arena,Pittsburgh,PA,4.275708008401651,-1.5320195614121843,-5.807727569813835,Dayton
372284,401851171,20252026,2026,regular,2026-03-10T20:30:00.000000,false,true,true,TRNMNT,,T. Rowe Price ACC Tournament - 1st Round,scheduled,248,SMU,2,ACC,,286,Syracuse,2,ACC,,428,Spectrum Center,Charlotte,NC,2.5805269704912206,-1.5735452262130138,-4.154072196704234,SMU
372324,401851593,20252026,2026,regular,2026-03-09T23:00:00.000000,false,true,true,TRNMNT,,SoCon Championship - Final,scheduled,75,East Tennessee State,26,SoCon,,93,Furman,26,SoCon,,447,Harrah's Cherokee Center,Asheville,NC,6.00782584320757,2.7473934908363304,-3.2604323523712395,East Tennessee State
372430,401851275,20252026,2026,regular,2026-03-14T17:00:00.000000,false,true,true,TRNMNT,,Atlantic 10 Championship - Semifinal,scheduled,252,Saint Louis,1,A-10,,64,Dayton,1,A-10,,482,PPG Paints Arena,Pittsburgh,PA,12.123886061169372,4.275708008401651,-7.848178052767722,Saint Louis
372421,401851305,20252026,2026,regular,2026-03-14T01:30:00.000000,false,true,true,TRNMNT,,Phillips 66 Big 12 Tournament - Semifinal,scheduled,113,Houston,6,Big 12,,131,Kansas,6,Big 12,,394,T-Mobile Center,Kansas City,MO,11.95173128612457,4.495642248816367,-7.456089037308203,Houston
372347,401851365,20252026,2026,regular,2026-03-11T16:00:00.000000,false,true,true,TRNMNT,,Big Ten Tournament - 2nd Round,scheduled,124,Iowa,10,Big Ten,,160,Maryland,10,Big Ten,,449,United Center,Chicago,IL,11.044375137714326,-5.954355563811575,-16.9987307015259,Iowa
372393,401851270,20252026,2026,regular,2026-03-13T15:30:00.000000,false,true,true,TRNMNT,,Atlantic 10 Championship - Quarterfinal,scheduled,252,Saint Louis,1,A-10,,96,George Washington,1,A-10,,482,PPG Paints Arena,Pittsburgh,PA,12.123886061169372,6.082582037006901,-6.041304024162471,Saint Louis
372331,401851363,20252026,2026,regular,2026-03-10T23:30:00.000000,false,true,true,TRNMNT,,Big Ten Tournament - 1st Round,scheduled,212,Northwestern,10,Big Ten,,226,Penn State,10,Big Ten,,449,United Center,Chicago,IL,0.9060862832626952,-7.244747720384993,-8.150834003647688,Northwestern
372441,401851183,20252026,2026,regular,2026-03-15T00:30:00.000000,false,true,true,TRNMNT,,T. Rowe Price ACC Tournament - Final,scheduled,72,Duke,2,ACC,,339,Virginia,2,ACC,,428,Spectrum Center,Charlotte,NC,16.884531475424794,10.64374700176603,-6.240784473658763,Duke
372319,401851435,20252026,2026,regular,2026-03-14T15:00:00.000000,false,true,true,TRNMNT,,Ivy League Tournament pres. by TIAA - Semifinal,scheduled,360,Yale,15,Ivy,,60,Cornell,15,Ivy,,60,Newman Arena,Ithaca,NY,7.687121136900572,2.343757703530983,-5.343363433369589,Yale
372292,401851287,20252026,2026,regular,2026-03-11T01:30:00.000000,false,true,true,TRNMNT,,Phillips 66 Big 12 Tournament - 1st Round,scheduled,56,Colorado,6,Big 12,,218,Oklahoma State,6,Big 12,,394,T-Mobile Center,Kansas City,MO,-1.5512735246107923,-3.815242294254844,-2.263968769644052,Colorado
372390,401851735,20252026,2026,regular,2026-03-13T03:30:00.000000,false,true,true,TRNMNT,,WAC Tournament - Quarterfinal,scheduled,330,Utah Tech,30,WAC,,1,Abilene Christian,30,WAC,,434,Orleans Arena,Las Vegas,NV,-1.0668895181804743,-2.422972367364153,-1.3560828491836787,Utah Tech
372361,401851336,20252026,2026,regular,2026-03-12T03:30:00.000000,false,true,true,TRNMNT,,Big Sky Championship - Final,scheduled,179,Montana,8,Big Sky,,117,Idaho,8,Big Sky,,415,Idaho Central Arena,Boise,ID,-0.8236228342958469,1.6758806969613147,2.4995035312571616,Idaho
372353,401851614,20252026,2026,regular,2026-03-11T21:00:00.000000,false,true,true,TRNMNT,,Southland Tournament - Final,scheduled,282,Stephen F. Austin,27,Southland,,162,McNeese,27,Southland,,260,Legacy Center,Lake Charles,LA,8.509476313901573,7.7200585373369535,-0.7894177765646191,Stephen F. Austin
372277,401851466,20252026,2026,regular,2026-03-09T00:30:00.000000,false,true,true,TRNMNT,,MAAC Championship - Semifinal,scheduled,264,Siena,16,MAAC,,83,Fairfield,16,MAAC,,478,Jim Whelan Boardwalk Hall,Atlantic City,NJ,7.65705576663828,-0.4912126392916605,-8.14826840592994,Siena
372294,401851557,20252026,2026,regular,2026-03-11T16:30:00.000000,false,true,true,TRNMNT,,SEC Tournament - 1st Round,scheduled,135,Kentucky,24,SEC,,136,LSU,24,SEC,,481,Bridgestone Arena,Nashville,TN,6.436656154126453,3.090517221921388,-3.346138932205065,Kentucky
372341,401851434,20252026,2026,regular,2026-03-10T23:00:00.000000,false,true,true,TRNMNT,,Barbasol Horizon League Championship - Final,scheduled,357,Wright State,14,Horizon,,69,Detroit Mercy,14,Horizon,,19,Corteva Coliseum,Indianapolis,IN,2.541034046751804,-2.6862248637213924,-5.227258910473196,Wright State
372383,401851393,20252026,2026,regular,2026-03-13T01:00:00.000000,false,true,true,TRNMNT,,Big West Championship - Quarterfinal,scheduled,38,Cal State Northridge,11,Big West,,310,UC San Diego,11,Big West,,264,Lee's Family Forum,Henderson,NV,-2.7249180632129963,1.299984871098843,4.024902934311839,UC San Diego
212097,401805216,20252026,2026,regular,2026-03-08T01:30:00.000000,false,false,true,STD,,,scheduled,276,Southern Utah,30,WAC,,39,California Baptist,30,WAC,,158,America First Events Center,Cedar City,UT,-5.604111901408302,4.875416665041556,7.479528566449858,California Baptist
372320,401851436,20252026,2026,regular,2026-03-14T18:00:00.000000,false,true,true,TRNMNT,,Ivy League Tournament pres. by TIAA - Semifinal,scheduled,107,Harvard,15,Ivy,,227,Pennsylvania,15,Ivy,,60,Newman Arena,Ithaca,NY,4.933029514139108,-1.3442619579109305,-6.277291472050038,Harvard
372257,401851472,20252026,2026,regular,2026-03-11T22:00:00.000000,false,true,true,TRNMNT,,MEAC Tournament - Quarterfinal,scheduled,182,Morgan State,18,MEAC,,67,Delaware State,18,MEAC,,479,Norfolk Scope Arena,Norfolk,VA,-6.197066812529613,-9.806762213844536,-3.609695401314923,Morgan State
212091,401808286,20252026,2026,regular,2026-03-07T19:00:00.000000,false,false,true,STD,,,scheduled,292,Tennessee,24,SEC,,336,Vanderbilt,24,SEC,,9,Food City Center,Knoxville,TN,11.427033830401555,5.987340168227391,-8.439693662174165,Tennessee
215223,401822976,20252026,2026,regular,2026-03-08T01:00:00.000000,false,false,true,STD,,,scheduled,97,Georgetown,7,Big East,,235,Providence,7,Big East,,226,Capital One Arena,Washington,DC,1.7164210327464957,-1.9021493701896048,-6.6185704029361005,Georgetown
372291,401851406,20252026,2026,regular,2026-03-11T01:00:00.000000,false,true,true,TRNMNT,,CUSA Championship - 1st Round,scheduled,128,Jacksonville State,13,CUSA,,192,New Mexico State,13,CUSA,,463,Propst Arena,Huntsville,AL,0.42515450536316735,2.043493701980651,1.6183391966174838,New Mexico State
372376,401851179,20252026,2026,regular,2026-03-12T23:00:00.000000,false,true,true,TRNMNT,,T. Rowe Price ACC Tournament - Quarterfinal,scheduled,72,Duke,2,ACC,,90,Florida State,2,ACC,,428,Spectrum Center,Charlotte,NC,16.884531475424794,-0.5544859475594563,-17.43901742298425,Duke
372280,401851757,20252026,2026,regular,2026-03-09T03:00:00.000000,false,true,true,TRNMNT,,West Coast Conference Tournament - Quarterfinal,scheduled,261,Santa Clara,31,WCC,,225,Pacific,31,WCC,,434,Orleans Arena,Las Vegas,NV,6.243438689364595,3.045209108349269,-3.198229581015326,Santa Clara
372381,401851268,20252026,2026,regular,2026-03-12T23:30:00.000000,false,true,true,TRNMNT,,Atlantic 10 Championship - 2nd Round,scheduled,63,Davidson,1,A-10,,151,Loyola Chicago,1,A-10,,482,PPG Paints Arena,Pittsburgh,PA,1.9117699094326923,-5.689733196731112,-7.601503106163804,Davidson
372260,401851473,20252026,2026,regular,2026-03-12T22:00:00.000000,false,true,true,TRNMNT,,MEAC Tournament - Quarterfinal,scheduled,196,Norfolk State,18,MEAC,,267,South Carolina State,18,MEAC,,479,Norfolk Scope Arena,Norfolk,VA,-0.1787977652044077,-7.981351086176389,-7.802553320971981,Norfolk State
372368,401851264,20252026,2026,regular,2026-03-12T18:00:00.000000,false,true,true,TRNMNT,,Atlantic 10 Championship - 2nd Round,scheduled,95,George Mason,1,A-10,,277,St. Bonaventure,1,A-10,,482,PPG Paints Arena,Pittsburgh,PA,5.117635792217527,-1.5320195614121843,-6.649655353629711,George Mason
372234,401851491,20252026,2026,regular,2026-03-07T02:30:00.000000,false,true,true,TRNMNT,,MVC Tournament - Quarterfinal,scheduled,119,Illinois State,19,MVC,,209,Northern Iowa,19,MVC,,436,Enterprise Center,St. Louis,MO,3.497345954186713,5.306157954538733,1.8088120003520203,Northern Iowa
372289,401851204,20252026,2026,regular,2026-03-10T23:00:00.000000,false,false,true,TRNMNT,,America East Playoffs - Semifinal,scheduled,337,Vermont,4,Am. East,,186,NJIT,4,Am. East,,376,Patrick Gymnasium,Burlington,VT,2.683155666165632,-6.3791881420613095,-12.062343808226942,Vermont
372296,401851558,20252026,2026,regular,2026-03-11T19:00:00.000000,false,true,true,TRNMNT,,SEC Tournament - 1st Round,scheduled,16,Auburn,24,SEC,,174,Mississippi State,24,SEC,,481,Bridgestone Arena,Nashville,TN,3.497365261639601,-6.284865968479281,-9.782231230118882,Auburn
212089,401808288,20252026,2026,regular,2026-03-08T01:30:00.000000,false,false,true,STD,,,scheduled,5,Alabama,24,SEC,,16,Auburn,24,SEC,,2,Coleman Coliseum,Tuscaloosa,AL,4.111537591288666,3.497365261639601,-3.6141723296490653,Alabama
372348,401851173,20252026,2026,regular,2026-03-11T16:00:00.000000,false,true,true,TRNMNT,,T. Rowe Price ACC Tournament - 2nd Round,scheduled,185,NC State,2,ACC,,229,Pittsburgh,2,ACC,,428,Spectrum Center,Charlotte,NC,1.9799810824879671,-0.6450466236773593,-2.6250277061653264,NC State
372272,401851591,20252026,2026,regular,2026-03-08T22:30:00.000000,false,true,true,TRNMNT,,SoCon Championship - Semifinal,scheduled,93,Furman,26,SoCon,,320,UNC Greensboro,26,SoCon,,447,Harrah's Cherokee Center,Asheville,NC,2.7473934908363304,-4.92883316616998,-7.6762266570063105,Furman
359044,401829340,20252026,2026,regular,2026-03-07T21:00:00.000000,false,false,true,STD,,,scheduled,329,Utah State,20,Mountain West,,191,New Mexico,20,Mountain West,,235,Dee Glen Smith Spectrum,Logan,UT,9.515491505431768,4.732366057273836,-7.783125448157932,Utah State
372366,401851296,20252026,2026,regular,2026-03-12T16:30:00.000000,false,true,true,TRNMNT,,Phillips 66 Big 12 Tournament - Quarterfinal,scheduled,298,Texas Tech,6,Big 12,,125,Iowa State,6,Big 12,,394,T-Mobile Center,Kansas City,MO,7.546968701154853,12.279001536222708,4.732032835067855,Iowa State
372239,401851581,20252026,2026,regular,2026-03-07T17:00:00.000000,false,true,true,TRNMNT,,SoCon Championship - Quarterfinal,scheduled,75,East Tennessee State,26,SoCon,,299,The Citadel,26,SoCon,,447,Harrah's Cherokee Center,Asheville,NC,6.00782584320757,-8.419588417416747,-14.427414260624317,East Tennessee State
372365,401851375,20252026,2026,regular,2026-03-12T16:00:00.000000,false,true,true,TRNMNT,,Big Ten Tournament - 3rd Round,scheduled,216,Ohio State,10,Big Ten,,124,Iowa,10,Big Ten,,449,United Center,Chicago,IL,6.2164250505214795,11.044375137714326,4.827950087192846,Iowa
372329,401851760,20252026,2026,regular,2026-03-10T03:30:00.000000,false,true,true,TRNMNT,,West Coast Conference Tournament - Semifinal,scheduled,253,Saint Mary's,31,WCC,,261,Santa Clara,31,WCC,,434,Orleans Arena,Las Vegas,NV,12.125360711663873,6.243438689364595,-5.881922022299278,Saint Mary's
372265,401851353,20252026,2026,regular,2026-03-08T16:00:00.000000,false,true,true,TRNMNT,,Big South Championship - Final,scheduled,109,High Point,9,Big South,,354,Winthrop,9,Big South,,72,Freedom Hall (TN),Johnson City,TN,8.005787907384729,3.6421141159834605,-4.363673791401268,High Point
372315,401858189,20252026,2026,regular,2026-03-12T22:30:00.000000,false,true,true,TRNMNT,,MAC Championship - Quarterfinal,scheduled,134,Kent State,17,MAC,,215,Ohio,17,MAC,,470,Rocket Mortgage FieldHouse,Cleveland,OH,0.9066498231715343,-4.519583554075439,-5.426233377246973,Kent State
